region_id,cell_idx,n,k,leave_one_out,full,change_pp
blr2,0,11,2,0.04976717112922002,0.0501885697708152,-0.04213986415951762
blr2,1,17,1,0.05014577259475218,0.0501885697708152,-0.004279717606301553
blr2,2,6,0,0.05027608253414705,0.0501885697708152,0.008751276333185398
blr2,3,8,0,0.050305321314335565,0.0501885697708152,0.011675154352036587
blr2,4,1,0,0.0502031340684852,0.0501885697708152,0.0014564297670001392
blr2,5,3,2,0.04965156794425087,0.0501885697708152,-0.053700182656432616
blr2,6,18,0,0.05045202682997959,0.0501885697708152,0.026345705916439033
blr2,7,19,0,0.05046674445740957,0.0501885697708152,0.027817468659437072
blr2,8,12,1,0.05007278020378457,0.0501885697708152,-0.011578956703062887
blr2,9,20,1,0.050189670265538375,0.0501885697708152,1.1004947231760265e-4
blr2,10,20,3,0.04960606944849723,0.0501885697708152,-0.05825003223179706
blr2,11,3,0,0.05023228803716608,0.0501885697708152,0.004371826635088394
blr2,12,1,0,0.0502031340684852,0.0501885697708152,0.0014564297670001392
blr2,14,20,1,0.050189670265538375,0.0501885697708152,1.1004947231760265e-4
blr2,15,6,1,0.04998546934030805,0.0501885697708152,-0.02031004305071485
blr2,16,18,0,0.05045202682997959,0.0501885697708152,0.026345705916439033
blr2,17,20,0,0.05048147067405894,0.0501885697708152,0.02929009032437424
blr2,18,14,2,0.04981066122924556,0.0501885697708152,-0.037790854156963954
blr2,20,14,0,0.05039324206233615,0.0501885697708152,0.020467229152094923
blr2,21,20,1,0.050189670265538375,0.0501885697708152,1.1004947231760265e-4
blr2,22,20,2,0.0498978698570178,0.0501885697708152,-0.02906999137973973
blr2,23,20,1,0.050189670265538375,0.0501885697708152,1.1004947231760265e-4
blr2,24,13,0,0.050378567268491554,0.0501885697708152,0.018999749767635576
blr2,25,14,0,0.05039324206233615,0.0501885697708152,0.020467229152094923
blr2,26,20,1,0.050189670265538375,0.0501885697708152,1.1004947231760265e-4
blr2,27,20,1,0.050189670265538375,0.0501885697708152,1.1004947231760265e-4
blr2,28,20,1,0.050189670265538375,0.0501885697708152,1.1004947231760265e-4
blr2,29,20,0,0.05048147067405894,0.0501885697708152,0.02929009032437424
blr2,30,12,0,0.05036390101892285,0.0501885697708152,0.017533124810765327
blr2,31,8,0,0.050305321314335565,0.0501885697708152,0.011675154352036587
blr2,32,13,1,0.050087361677344205,0.0501885697708152,-0.01012080934709933
blr2,33,15,0,0.05040792540792541,0.0501885697708152,0.021935563711020928
blr2,34,20,1,0.050189670265538375,0.0501885697708152,1.1004947231760265e-4
blr2,35,20,5,0.04902246863145608,0.0501885697708152,-0.11661011393591172
blr2,36,20,0,0.05048147067405894,0.0501885697708152,0.02929009032437424
blr2,37,1,1,0.04991294254207777,0.0501885697708152,-0.027562722873742534
blr2,38,3,0,0.05023228803716608,0.0501885697708152,0.004371826635088394
blr2,39,6,0,0.05027608253414705,0.0501885697708152,0.008751276333185398
blr2,41,4,1,0.04995643334301481,0.0501885697708152,-0.023213642780038624
blr2,42,9,1,0.05002908667830134,0.0501885697708152,-0.01594830925138596
blr2,43,8,1,0.05001453911020646,0.0501885697708152,-0.017403066060873995
blr2,44,20,2,0.0498978698570178,0.0501885697708152,-0.02906999137973973
blr2,45,20,0,0.05048147067405894,0.0501885697708152,0.02929009032437424
blr2,46,20,0,0.05048147067405894,0.0501885697708152,0.02929009032437424
blr2,47,20,0,0.05048147067405894,0.0501885697708152,0.02929009032437424
blr2,49,20,3,0.04960606944849723,0.0501885697708152,-0.05825003223179706
blr2,50,20,1,0.050189670265538375,0.0501885697708152,1.1004947231760265e-4
blr2,51,20,0,0.05048147067405894,0.0501885697708152,0.02929009032437424
blr2,52,10,0,0.0503345941227815,0.0501885697708152,0.014602435196629793
blr2,53,20,1,0.050189670265538375,0.0501885697708152,1.1004947231760265e-4
blr2,54,20,1,0.050189670265538375,0.0501885697708152,1.1004947231760265e-4
blr2,55,15,1,0.05011655011655012,0.0501885697708152,-0.007201965426507917
blr2,56,20,0,0.05048147067405894,0.0501885697708152,0.02929009032437424
blr2,57,20,1,0.050189670265538375,0.0501885697708152,1.1004947231760265e-4
blr2,59,7,0,0.05029069767441861,0.0501885697708152,0.010212790360340784
blr2,60,4,0,0.05024687772291606,0.0501885697708152,0.0058307952100863925
blr2,62,20,1,0.050189670265538375,0.0501885697708152,1.1004947231760265e-4
blr2,64,1,0,0.0502031340684852,0.0501885697708152,0.0014564297670001392
blr2,65,2,0,0.050217706821480405,0.0501885697708152,0.0029137050665206665
blr2,68,2,0,0.050217706821480405,0.0501885697708152,0.0029137050665206665
blr2,69,20,2,0.0498978698570178,0.0501885697708152,-0.02906999137973973
blr2,70,20,2,0.0498978698570178,0.0501885697708152,-0.02906999137973973
blr2,71,3,0,0.05023228803716608,0.0501885697708152,0.004371826635088394
blr2,72,20,2,0.0498978698570178,0.0501885697708152,-0.02906999137973973
blr2,73,12,1,0.05007278020378457,0.0501885697708152,-0.011578956703062887
blr2,74,1,0,0.0502031340684852,0.0501885697708152,0.0014564297670001392
blr2,75,2,0,0.050217706821480405,0.0501885697708152,0.0029137050665206665
blr2,76,1,0,0.0502031340684852,0.0501885697708152,0.0014564297670001392
blr2,79,7,0,0.05029069767441861,0.0501885697708152,0.010212790360340784
blr2,80,14,3,0.04951937081270026,0.0501885697708152,-0.06691989581149374
blr2,81,11,0,0.050349243306169966,0.0501885697708152,0.016067353535476753
blr2,82,13,0,0.050378567268491554,0.0501885697708152,0.018999749767635576
blr2,83,1,1,0.04991294254207777,0.0501885697708152,-0.027562722873742534
blr2,84,10,0,0.0503345941227815,0.0501885697708152,0.014602435196629793
blr2,86,8,1,0.05001453911020646,0.0501885697708152,-0.017403066060873995
blr2,87,2,1,0.04992743105950653,0.0501885697708152,-0.02611387113086658
blr2,88,3,0,0.05023228803716608,0.0501885697708152,0.004371826635088394
blr2,89,17,1,0.05014577259475218,0.0501885697708152,-0.004279717606301553
blr2,91,20,1,0.050189670265538375,0.0501885697708152,1.1004947231760265e-4
blr2,92,9,1,0.05002908667830134,0.0501885697708152,-0.01594830925138596
blr2,94,16,2,0.04983969688137569,0.0501885697708152,-0.03488728894395082
blr2,95,5,0,0.050261475886112725,0.0501885697708152,0.007290611529752605
blr2,96,6,1,0.04998546934030805,0.0501885697708152,-0.02031004305071485
blr2,97,14,0,0.05039324206233615,0.0501885697708152,0.020467229152094923
blr2,98,20,2,0.0498978698570178,0.0501885697708152,-0.02906999137973973
blr2,99,10,0,0.0503345941227815,0.0501885697708152,0.014602435196629793
blr2,100,20,3,0.04960606944849723,0.0501885697708152,-0.05825003223179706
blr2,101,20,2,0.0498978698570178,0.0501885697708152,-0.02906999137973973
blr2,102,20,1,0.050189670265538375,0.0501885697708152,1.1004947231760265e-4
blr2,103,7,0,0.05029069767441861,0.0501885697708152,0.010212790360340784
blr2,104,19,2,0.04988331388564761,0.0501885697708152,-0.030525588516758934
blr2,105,20,1,0.050189670265538375,0.0501885697708152,1.1004947231760265e-4
blr2,107,20,3,0.04960606944849723,0.0501885697708152,-0.05825003223179706
blr2,109,5,1,0.04997094712376525,0.0501885697708152,-0.0217622647049949
blr2,110,2,0,0.050217706821480405,0.0501885697708152,0.0029137050665206665
blr2,111,20,2,0.0498978698570178,0.0501885697708152,-0.02906999137973973
blr2,112,20,0,0.05048147067405894,0.0501885697708152,0.02929009032437424
blr2,113,10,0,0.0503345941227815,0.0501885697708152,0.014602435196629793
blr2,114,7,1,0.05,0.0501885697708152,-0.018856977081519594
blr2,115,3,0,0.05023228803716608,0.0501885697708152,0.004371826635088394
blr2,116,12,3,0.049490538573508006,0.0501885697708152,-0.06980311973071932
blr2,117,3,0,0.05023228803716608,0.0501885697708152,0.004371826635088394
blr2,118,9,1,0.05002908667830134,0.0501885697708152,-0.01594830925138596
blr2,119,20,0,0.05048147067405894,0.0501885697708152,0.02929009032437424
blr2,120,1,0,0.0502031340684852,0.0501885697708152,0.0014564297670001392
blr2,122,20,0,0.05048147067405894,0.0501885697708152,0.02929009032437424
blr2,124,1,0,0.0502031340684852,0.0501885697708152,0.0014564297670001392
blr2,125,20,0,0.05048147067405894,0.0501885697708152,0.02929009032437424
blr2,126,1,0,0.0502031340684852,0.0501885697708152,0.0014564297670001392
blr2,127,5,0,0.050261475886112725,0.0501885697708152,0.007290611529752605
blr2,128,1,0,0.0502031340684852,0.0501885697708152,0.0014564297670001392
blr2,129,16,1,0.050131157097056255,0.0501885697708152,-0.005741267375894421
blr2,130,20,0,0.05048147067405894,0.0501885697708152,0.02929009032437424
blr2,131,3,0,0.05023228803716608,0.0501885697708152,0.004371826635088394
blr2,132,8,0,0.050305321314335565,0.0501885697708152,0.011675154352036587
blr2,133,13,0,0.050378567268491554,0.0501885697708152,0.018999749767635576
blr2,134,5,0,0.050261475886112725,0.0501885697708152,0.007290611529752605
blr2,135,2,0,0.050217706821480405,0.0501885697708152,0.0029137050665206665
blr2,136,3,0,0.05023228803716608,0.0501885697708152,0.004371826635088394
blr2,138,11,0,0.050349243306169966,0.0501885697708152,0.016067353535476753
blr2,139,16,0,0.05042261731273681,0.0501885697708152,0.023404754192161287
blr2,140,15,0,0.05040792540792541,0.0501885697708152,0.021935563711020928
blr2,141,20,0,0.05048147067405894,0.0501885697708152,0.02929009032437424
blr2,142,20,0,0.05048147067405894,0.0501885697708152,0.02929009032437424
blr2,143,5,0,0.050261475886112725,0.0501885697708152,0.007290611529752605
blr2,144,20,0,0.05048147067405894,0.0501885697708152,0.02929009032437424
blr2,145,20,0,0.05048147067405894,0.0501885697708152,0.02929009032437424
blr2,146,1,0,0.0502031340684852,0.0501885697708152,0.0014564297670001392
blr2,147,13,0,0.050378567268491554,0.0501885697708152,0.018999749767635576
blr2,148,8,0,0.050305321314335565,0.0501885697708152,0.011675154352036587
blr2,149,16,0,0.05042261731273681,0.0501885697708152,0.023404754192161287
blr2,150,7,0,0.05029069767441861,0.0501885697708152,0.010212790360340784
blr2,151,2,0,0.050217706821480405,0.0501885697708152,0.0029137050665206665
blr2,152,20,0,0.05048147067405894,0.0501885697708152,0.02929009032437424
blr2,153,1,0,0.0502031340684852,0.0501885697708152,0.0014564297670001392
blr2,154,7,0,0.05029069767441861,0.0501885697708152,0.010212790360340784
blr2,155,1,0,0.0502031340684852,0.0501885697708152,0.0014564297670001392
blr2,156,16,2,0.04983969688137569,0.0501885697708152,-0.03488728894395082
blr2,157,6,1,0.04998546934030805,0.0501885697708152,-0.02031004305071485
blr2,158,20,2,0.0498978698570178,0.0501885697708152,-0.02906999137973973
blr2,161,3,0,0.05023228803716608,0.0501885697708152,0.004371826635088394
blr2,163,7,0,0.05029069767441861,0.0501885697708152,0.010212790360340784
blr2,164,13,0,0.050378567268491554,0.0501885697708152,0.018999749767635576
blr2,165,11,0,0.050349243306169966,0.0501885697708152,0.016067353535476753
blr2,166,3,0,0.05023228803716608,0.0501885697708152,0.004371826635088394
blr2,167,5,1,0.04997094712376525,0.0501885697708152,-0.0217622647049949
blr2,170,4,0,0.05024687772291606,0.0501885697708152,0.0058307952100863925
blr2,171,7,0,0.05029069767441861,0.0501885697708152,0.010212790360340784
blr2,172,1,0,0.0502031340684852,0.0501885697708152,0.0014564297670001392
blr2,173,20,2,0.0498978698570178,0.0501885697708152,-0.02906999137973973
blr2,174,12,0,0.05036390101892285,0.0501885697708152,0.017533124810765327
blr2,175,20,3,0.04960606944849723,0.0501885697708152,-0.05825003223179706
blr2,176,20,1,0.050189670265538375,0.0501885697708152,1.1004947231760265e-4
blr2,179,1,0,0.0502031340684852,0.0501885697708152,0.0014564297670001392
blr2,182,2,0,0.050217706821480405,0.0501885697708152,0.0029137050665206665
blr2,183,1,0,0.0502031340684852,0.0501885697708152,0.0014564297670001392
blr2,184,1,0,0.0502031340684852,0.0501885697708152,0.0014564297670001392
blr2,186,9,0,0.050319953461314716,0.0501885697708152,0.013138369049951748
blr2,187,20,1,0.050189670265538375,0.0501885697708152,1.1004947231760265e-4
blr2,188,19,2,0.04988331388564761,0.0501885697708152,-0.030525588516758934
blr2,190,3,0,0.05023228803716608,0.0501885697708152,0.004371826635088394
blr2,191,11,0,0.050349243306169966,0.0501885697708152,0.016067353535476753
blr2,192,20,1,0.050189670265538375,0.0501885697708152,1.1004947231760265e-4
blr2,196,6,1,0.04998546934030805,0.0501885697708152,-0.02031004305071485
blr2,197,20,1,0.050189670265538375,0.0501885697708152,1.1004947231760265e-4
blr2,198,10,0,0.0503345941227815,0.0501885697708152,0.014602435196629793
blr2,199,7,0,0.05029069767441861,0.0501885697708152,0.010212790360340784
blr2,202,2,0,0.050217706821480405,0.0501885697708152,0.0029137050665206665
blr2,203,20,1,0.050189670265538375,0.0501885697708152,1.1004947231760265e-4
blr2,206,14,0,0.05039324206233615,0.0501885697708152,0.020467229152094923
blr2,208,8,1,0.05001453911020646,0.0501885697708152,-0.017403066060873995
blr2,209,6,0,0.05027608253414705,0.0501885697708152,0.008751276333185398
blr2,212,20,0,0.05048147067405894,0.0501885697708152,0.02929009032437424
blr2,213,2,0,0.050217706821480405,0.0501885697708152,0.0029137050665206665
blr2,214,4,0,0.05024687772291606,0.0501885697708152,0.0058307952100863925
blr2,215,19,2,0.04988331388564761,0.0501885697708152,-0.030525588516758934
blr2,216,20,0,0.05048147067405894,0.0501885697708152,0.02929009032437424
blr2,217,13,2,0.049796156086196856,0.0501885697708152,-0.039241368461834236
blr2,218,10,1,0.050043642711667155,0.0501885697708152,-0.014492705914804366
blr2,219,1,0,0.0502031340684852,0.0501885697708152,0.0014564297670001392
blr2,220,20,0,0.05048147067405894,0.0501885697708152,0.02929009032437424
blr2,221,4,0,0.05024687772291606,0.0501885697708152,0.0058307952100863925
blr2,222,16,1,0.050131157097056255,0.0501885697708152,-0.005741267375894421
blr2,223,15,1,0.05011655011655012,0.0501885697708152,-0.007201965426507917
blr2,224,16,1,0.050131157097056255,0.0501885697708152,-0.005741267375894421
blr2,225,20,1,0.050189670265538375,0.0501885697708152,1.1004947231760265e-4
blr2,226,13,0,0.050378567268491554,0.0501885697708152,0.018999749767635576
blr2,227,20,1,0.050189670265538375,0.0501885697708152,1.1004947231760265e-4
blr2,228,3,0,0.05023228803716608,0.0501885697708152,0.004371826635088394
blr2,229,20,0,0.05048147067405894,0.0501885697708152,0.02929009032437424
blr2,230,6,1,0.04998546934030805,0.0501885697708152,-0.02031004305071485
blr2,231,20,0,0.05048147067405894,0.0501885697708152,0.02929009032437424
blr2,232,7,0,0.05029069767441861,0.0501885697708152,0.010212790360340784
blr2,233,2,0,0.050217706821480405,0.0501885697708152,0.0029137050665206665
blr2,235,20,1,0.050189670265538375,0.0501885697708152,1.1004947231760265e-4
blr2,237,5,0,0.050261475886112725,0.0501885697708152,0.007290611529752605
blr2,238,2,1,0.04992743105950653,0.0501885697708152,-0.02611387113086658
blr2,240,6,0,0.05027608253414705,0.0501885697708152,0.008751276333185398
blr2,241,1,0,0.0502031340684852,0.0501885697708152,0.0014564297670001392
blr2,243,9,0,0.050319953461314716,0.0501885697708152,0.013138369049951748
blr2,244,20,2,0.0498978698570178,0.0501885697708152,-0.02906999137973973
blr2,247,6,1,0.04998546934030805,0.0501885697708152,-0.02031004305071485
blr2,248,20,0,0.05048147067405894,0.0501885697708152,0.02929009032437424
blr2,249,20,0,0.05048147067405894,0.0501885697708152,0.02929009032437424
blr2,250,15,2,0.049825174825174824,0.0501885697708152,-0.036339494564037456
blr2,251,20,2,0.0498978698570178,0.0501885697708152,-0.02906999137973973
blr2,252,14,0,0.05039324206233615,0.0501885697708152,0.020467229152094923
blr2,253,3,0,0.05023228803716608,0.0501885697708152,0.004371826635088394
blr2,254,20,1,0.050189670265538375,0.0501885697708152,1.1004947231760265e-4
blr2,255,20,1,0.050189670265538375,0.0501885697708152,1.1004947231760265e-4
blr2,256,8,0,0.050305321314335565,0.0501885697708152,0.011675154352036587
blr2,257,10,0,0.0503345941227815,0.0501885697708152,0.014602435196629793
blr2,258,4,0,0.05024687772291606,0.0501885697708152,0.0058307952100863925
blr2,259,18,0,0.05045202682997959,0.0501885697708152,0.026345705916439033
blr2,260,4,0,0.05024687772291606,0.0501885697708152,0.0058307952100863925
blr2,261,20,1,0.050189670265538375,0.0501885697708152,1.1004947231760265e-4
blr2,262,8,0,0.050305321314335565,0.0501885697708152,0.011675154352036587
blr2,263,16,1,0.050131157097056255,0.0501885697708152,-0.005741267375894421
blr2,264,20,2,0.0498978698570178,0.0501885697708152,-0.02906999137973973
blr2,266,12,0,0.05036390101892285,0.0501885697708152,0.017533124810765327
blr2,267,20,1,0.050189670265538375,0.0501885697708152,1.1004947231760265e-4
blr2,268,8,0,0.050305321314335565,0.0501885697708152,0.011675154352036587
blr2,269,20,1,0.050189670265538375,0.0501885697708152,1.1004947231760265e-4
blr2,270,20,0,0.05048147067405894,0.0501885697708152,0.02929009032437424
blr2,271,20,0,0.05048147067405894,0.0501885697708152,0.02929009032437424
blr2,272,1,0,0.0502031340684852,0.0501885697708152,0.0014564297670001392
blr2,273,20,0,0.05048147067405894,0.0501885697708152,0.02929009032437424
blr2,274,17,1,0.05014577259475218,0.0501885697708152,-0.004279717606301553
blr2,275,20,2,0.0498978698570178,0.0501885697708152,-0.02906999137973973
blr2,276,13,1,0.050087361677344205,0.0501885697708152,-0.01012080934709933
blr2,277,18,1,0.05016039661708953,0.0501885697708152,-0.0028173153725670474
blr2,278,12,0,0.05036390101892285,0.0501885697708152,0.017533124810765327
blr2,279,15,0,0.05040792540792541,0.0501885697708152,0.021935563711020928
blr2,280,3,0,0.05023228803716608,0.0501885697708152,0.004371826635088394
blr2,281,20,0,0.05048147067405894,0.0501885697708152,0.02929009032437424
blr2,282,10,0,0.0503345941227815,0.0501885697708152,0.014602435196629793
blr2,283,1,0,0.0502031340684852,0.0501885697708152,0.0014564297670001392
blr2,284,9,0,0.050319953461314716,0.0501885697708152,0.013138369049951748
blr2,285,1,0,0.0502031340684852,0.0501885697708152,0.0014564297670001392
blr2,286,3,0,0.05023228803716608,0.0501885697708152,0.004371826635088394
blr2,287,5,1,0.04997094712376525,0.0501885697708152,-0.0217622647049949
blr2,289,2,0,0.050217706821480405,0.0501885697708152,0.0029137050665206665
blr2,290,3,0,0.05023228803716608,0.0501885697708152,0.004371826635088394
blr2,291,8,0,0.050305321314335565,0.0501885697708152,0.011675154352036587
blr2,292,17,3,0.04956268221574344,0.0501885697708152,-0.0625887555071758
blr2,293,20,1,0.050189670265538375,0.0501885697708152,1.1004947231760265e-4
blr2,294,20,1,0.050189670265538375,0.0501885697708152,1.1004947231760265e-4
blr2,296,20,3,0.04960606944849723,0.0501885697708152,-0.05825003223179706
blr2,297,2,0,0.050217706821480405,0.0501885697708152,0.0029137050665206665
blr2,300,20,1,0.050189670265538375,0.0501885697708152,1.1004947231760265e-4
blr2,301,18,0,0.05045202682997959,0.0501885697708152,0.026345705916439033
blr2,302,20,1,0.050189670265538375,0.0501885697708152,1.1004947231760265e-4
blr2,303,7,0,0.05029069767441861,0.0501885697708152,0.010212790360340784
blr2,304,5,0,0.050261475886112725,0.0501885697708152,0.007290611529752605
blr2,305,20,1,0.050189670265538375,0.0501885697708152,1.1004947231760265e-4
blr2,306,4,1,0.04995643334301481,0.0501885697708152,-0.023213642780038624
blr2,307,3,0,0.05023228803716608,0.0501885697708152,0.004371826635088394
blr2,308,4,0,0.05024687772291606,0.0501885697708152,0.0058307952100863925
blr2,310,2,0,0.050217706821480405,0.0501885697708152,0.0029137050665206665
blr2,315,1,0,0.0502031340684852,0.0501885697708152,0.0014564297670001392
blr2,317,3,0,0.05023228803716608,0.0501885697708152,0.004371826635088394
blr2,318,13,0,0.050378567268491554,0.0501885697708152,0.018999749767635576
blr2,324,3,1,0.04994192799070848,0.0501885697708152,-0.02466417801067211
blr2,325,3,1,0.04994192799070848,0.0501885697708152,-0.02466417801067211
blr2,326,4,0,0.05024687772291606,0.0501885697708152,0.0058307952100863925
blr2,329,20,0,0.05048147067405894,0.0501885697708152,0.02929009032437424
blr2,332,20,0,0.05048147067405894,0.0501885697708152,0.02929009032437424
blr2,333,1,0,0.0502031340684852,0.0501885697708152,0.0014564297670001392
blr2,334,11,2,0.04976717112922002,0.0501885697708152,-0.04213986415951762
blr2,335,9,0,0.050319953461314716,0.0501885697708152,0.013138369049951748
blr2,336,20,2,0.0498978698570178,0.0501885697708152,-0.02906999137973973
blr2,338,17,1,0.05014577259475218,0.0501885697708152,-0.004279717606301553
blr2,339,3,0,0.05023228803716608,0.0501885697708152,0.004371826635088394
blr2,342,3,0,0.05023228803716608,0.0501885697708152,0.004371826635088394
blr2,343,20,0,0.05048147067405894,0.0501885697708152,0.02929009032437424
blr2,349,9,0,0.050319953461314716,0.0501885697708152,0.013138369049951748
blr2,353,6,1,0.04998546934030805,0.0501885697708152,-0.02031004305071485
blr2,356,3,0,0.05023228803716608,0.0501885697708152,0.004371826635088394
blr2,358,1,0,0.0502031340684852,0.0501885697708152,0.0014564297670001392
blr2,360,1,0,0.0502031340684852,0.0501885697708152,0.0014564297670001392
blr2,361,20,0,0.05048147067405894,0.0501885697708152,0.02929009032437424
blr2,362,5,0,0.050261475886112725,0.0501885697708152,0.007290611529752605
blr2,363,1,0,0.0502031340684852,0.0501885697708152,0.0014564297670001392
blr2,364,14,0,0.05039324206233615,0.0501885697708152,0.020467229152094923
blr2,370,20,5,0.04902246863145608,0.0501885697708152,-0.11661011393591172
blr2,373,1,0,0.0502031340684852,0.0501885697708152,0.0014564297670001392
blr2,375,14,0,0.05039324206233615,0.0501885697708152,0.020467229152094923
blr2,378,20,1,0.050189670265538375,0.0501885697708152,1.1004947231760265e-4
blr2,381,20,0,0.05048147067405894,0.0501885697708152,0.02929009032437424
blr2,384,20,0,0.05048147067405894,0.0501885697708152,0.02929009032437424
blr2,385,20,2,0.0498978698570178,0.0501885697708152,-0.02906999137973973
blr2,388,18,0,0.05045202682997959,0.0501885697708152,0.026345705916439033
blr2,390,20,1,0.050189670265538375,0.0501885697708152,1.1004947231760265e-4
blr2,392,8,2,0.049723756906077346,0.0501885697708152,-0.04648128647378527
blr2,393,1,0,0.0502031340684852,0.0501885697708152,0.0014564297670001392
blr2,395,13,2,0.049796156086196856,0.0501885697708152,-0.039241368461834236
blr2,397,8,0,0.050305321314335565,0.0501885697708152,0.011675154352036587
blr2,399,20,1,0.050189670265538375,0.0501885697708152,1.1004947231760265e-4
del,0,9,2,0.044,0.04440009977550512,-0.040009977550511944
del,1,3,0,0.044433349975037444,0.04440009977550512,0.003325019953232672
del,2,12,0,0.04453340005003753,0.04440009977550512,0.013330027453241355
del,3,20,1,0.044372023063424415,0.04440009977550512,-0.0028076712080701838
del,4,8,1,0.04423894026493377,0.04440009977550512,-0.01611595105713501
del,5,8,0,0.04448887778055486,0.04440009977550512,0.008877800504974304
del,6,1,0,0.04441117764471058,0.04440009977550512,0.0011077869205462776
del,7,19,0,0.04461152882205514,0.04440009977550512,0.021142904655001987
del,8,20,0,0.04462271245926297,0.04440009977550512,0.022261268375785292
del,9,8,1,0.04423894026493377,0.04440009977550512,-0.01611595105713501
del,10,20,1,0.044372023063424415,0.04440009977550512,-0.0028076712080701838
del,11,20,0,0.04462271245926297,0.04440009977550512,0.022261268375785292
del,12,20,2,0.04412133366758586,0.04440009977550512,-0.02787661079192566
del,15,1,0,0.04441117764471058,0.04440009977550512,0.0011077869205462776
del,16,4,0,0.044444444444444446,0.04440009977550512,0.004434466893932926
del,18,20,2,0.04412133366758586,0.04440009977550512,-0.02787661079192566
del,19,2,0,0.04442226104317445,0.04440009977550512,0.0022161267669330853
del,21,11,0,0.04452226113056528,0.04440009977550512,0.01221613550601644
del,22,20,1,0.044372023063424415,0.04440009977550512,-0.0028076712080701838
del,23,18,1,0.04434978702079679,0.04440009977550512,-0.005031275470832736
del,24,7,0,0.04447776111944028,0.04440009977550512,0.007766134393516477
del,25,17,1,0.04433867735470942,0.04440009977550512,-0.006142242079569538
del,26,4,0,0.044444444444444446,0.04440009977550512,0.004434466893932926
del,27,20,0,0.04462271245926297,0.04440009977550512,0.022261268375785292
del,28,6,0,0.04446665001249063,0.04440009977550512,0.00665502369855131
del,29,20,1,0.044372023063424415,0.04440009977550512,-0.0028076712080701838
del,30,20,3,0.043870644271747306,0.04440009977550512,-0.052945550375781136
del,31,20,0,0.04462271245926297,0.04440009977550512,0.022261268375785292
del,32,20,0,0.04462271245926297,0.04440009977550512,0.022261268375785292
del,33,12,1,0.04428321240930698,0.04440009977550512,-0.011688736619813733
del,34,20,1,0.044372023063424415,0.04440009977550512,-0.0028076712080701838
del,35,20,1,0.044372023063424415,0.04440009977550512,-0.0028076712080701838
del,36,12,0,0.04453340005003753,0.04440009977550512,0.013330027453241355
del,37,11,0,0.04452226113056528,0.04440009977550512,0.01221613550601644
del,38,20,0,0.04462271245926297,0.04440009977550512,0.022261268375785292
del,39,1,0,0.04441117764471058,0.04440009977550512,0.0011077869205462776
del,40,15,1,0.0443164747120681,0.04440009977550512,-0.008362506343701642
del,41,11,1,0.04427213606803402,0.04440009977550512,-0.012796370747109737
del,42,20,1,0.044372023063424415,0.04440009977550512,-0.0028076712080701838
del,44,20,0,0.04462271245926297,0.04440009977550512,0.022261268375785292
del,45,20,1,0.044372023063424415,0.04440009977550512,-0.0028076712080701838
del,46,20,2,0.04412133366758586,0.04440009977550512,-0.02787661079192566
del,48,1,0,0.04441117764471058,0.04440009977550512,0.0011077869205462776
del,56,11,0,0.04452226113056528,0.04440009977550512,0.01221613550601644
del,57,20,0,0.04462271245926297,0.04440009977550512,0.022261268375785292
del,58,7,1,0.04422788605697151,0.04440009977550512,-0.017221371853360506
del,59,12,0,0.04453340005003753,0.04440009977550512,0.013330027453241355
del,60,20,0,0.04462271245926297,0.04440009977550512,0.022261268375785292
del,61,4,0,0.044444444444444446,0.04440009977550512,0.004434466893932926
del,62,4,0,0.044444444444444446,0.04440009977550512,0.004434466893932926
del,63,3,0,0.044433349975037444,0.04440009977550512,0.003325019953232672
del,64,13,0,0.04454454454454455,0.04440009977550512,0.014444476903942988
del,66,2,0,0.04442226104317445,0.04440009977550512,0.0022161267669330853
del,68,16,0,0.044578011520160284,0.04440009977550512,0.017791174465516674
del,69,18,0,0.04460035078927587,0.04440009977550512,0.02002510137707539
del,70,20,0,0.04462271245926297,0.04440009977550512,0.022261268375785292
del,71,20,0,0.04462271245926297,0.04440009977550512,0.022261268375785292
del,72,20,0,0.04462271245926297,0.04440009977550512,0.022261268375785292
del,73,20,0,0.04462271245926297,0.04440009977550512,0.022261268375785292
del,74,7,0,0.04447776111944028,0.04440009977550512,0.007766134393516477
del,75,10,0,0.044511127781945485,0.04440009977550512,0.01110280064403682
del,76,3,0,0.044433349975037444,0.04440009977550512,0.003325019953232672
del,77,5,0,0.044455544455544456,0.04440009977550512,0.005544468003933906
del,78,16,2,0.0440771349862259,0.04440009977550512,-0.032296478927922034
del,79,20,0,0.04462271245926297,0.04440009977550512,0.022261268375785292
del,80,5,0,0.044455544455544456,0.04440009977550512,0.005544468003933906
del,81,20,1,0.044372023063424415,0.04440009977550512,-0.0028076712080701838
del,82,4,0,0.044444444444444446,0.04440009977550512,0.004434466893932926
del,83,1,0,0.04441117764471058,0.04440009977550512,0.0011077869205462776
del,84,20,0,0.04462271245926297,0.04440009977550512,0.022261268375785292
del,85,1,0,0.04441117764471058,0.04440009977550512,0.0011077869205462776
del,87,20,1,0.044372023063424415,0.04440009977550512,-0.0028076712080701838
del,88,1,0,0.04441117764471058,0.04440009977550512,0.0011077869205462776
del,89,2,0,0.04442226104317445,0.04440009977550512,0.0022161267669330853
del,90,11,0,0.04452226113056528,0.04440009977550512,0.01221613550601644
del,91,3,0,0.044433349975037444,0.04440009977550512,0.003325019953232672
del,94,10,0,0.044511127781945485,0.04440009977550512,0.01110280064403682
del,95,20,0,0.04462271245926297,0.04440009977550512,0.022261268375785292
del,96,20,0,0.04462271245926297,0.04440009977550512,0.022261268375785292
del,97,13,1,0.044294294294294295,0.04440009977550512,-0.010580548121082167
del,98,6,0,0.04446665001249063,0.04440009977550512,0.00665502369855131
del,99,14,1,0.04430538172715895,0.04440009977550512,-0.009471804834616793
del,100,20,2,0.04412133366758586,0.04440009977550512,-0.02787661079192566
del,101,10,1,0.04426106526631658,0.04440009977550512,-0.013903450918853477
del,102,3,0,0.044433349975037444,0.04440009977550512,0.003325019953232672
del,103,4,1,0.044194756554307116,0.04440009977550512,-0.020534322119800108
del,104,13,1,0.044294294294294295,0.04440009977550512,-0.010580548121082167
del,105,20,4,0.04361995487590875,0.04440009977550512,-0.07801448995963661
del,106,20,0,0.04462271245926297,0.04440009977550512,0.022261268375785292
del,107,20,3,0.043870644271747306,0.04440009977550512,-0.052945550375781136
del,108,20,2,0.04412133366758586,0.04440009977550512,-0.02787661079192566
del,109,11,1,0.04427213606803402,0.04440009977550512,-0.012796370747109737
del,110,3,0,0.044433349975037444,0.04440009977550512,0.003325019953232672
del,111,20,0,0.04462271245926297,0.04440009977550512,0.022261268375785292
del,112,1,0,0.04441117764471058,0.04440009977550512,0.0011077869205462776
del,114,7,0,0.04447776111944028,0.04440009977550512,0.007766134393516477
del,115,20,0,0.04462271245926297,0.04440009977550512,0.022261268375785292
del,116,20,1,0.044372023063424415,0.04440009977550512,-0.0028076712080701838
del,117,20,1,0.044372023063424415,0.04440009977550512,-0.0028076712080701838
del,118,13,0,0.04454454454454455,0.04440009977550512,0.014444476903942988
del,119,6,0,0.04446665001249063,0.04440009977550512,0.00665502369855131
del,120,20,1,0.044372023063424415,0.04440009977550512,-0.0028076712080701838
del,121,20,0,0.04462271245926297,0.04440009977550512,0.022261268375785292
del,122,20,1,0.044372023063424415,0.04440009977550512,-0.0028076712080701838
del,123,15,0,0.04456685027541312,0.04440009977550512,0.01667504999080041
del,124,17,0,0.04458917835671343,0.04440009977550512,0.01890785812083129
del,125,9,0,0.0445,0.04440009977550512,0.0099900224494881
del,126,9,0,0.0445,0.04440009977550512,0.0099900224494881
del,127,18,2,0.044099223252317715,0.04440009977550512,-0.030087652318740166
del,128,20,0,0.04462271245926297,0.04440009977550512,0.022261268375785292
del,129,3,0,0.044433349975037444,0.04440009977550512,0.003325019953232672
del,130,5,1,0.04420579420579421,0.04440009977550512,-0.019430556971090918
del,131,20,0,0.04462271245926297,0.04440009977550512,0.022261268375785292
del,132,20,0,0.04462271245926297,0.04440009977550512,0.022261268375785292
del,133,1,0,0.04441117764471058,0.04440009977550512,0.0011077869205462776
del,135,3,0,0.044433349975037444,0.04440009977550512,0.003325019953232672
del,138,20,0,0.04462271245926297,0.04440009977550512,0.022261268375785292
del,139,3,0,0.044433349975037444,0.04440009977550512,0.003325019953232672
del,141,9,0,0.0445,0.04440009977550512,0.0099900224494881
del,142,10,1,0.04426106526631658,0.04440009977550512,-0.013903450918853477
del,143,20,2,0.04412133366758586,0.04440009977550512,-0.02787661079192566
del,144,1,0,0.04441117764471058,0.04440009977550512,0.0011077869205462776
del,145,20,2,0.04412133366758586,0.04440009977550512,-0.02787661079192566
del,146,14,0,0.04455569461827284,0.04440009977550512,0.015559484276772562
del,147,20,1,0.044372023063424415,0.04440009977550512,-0.0028076712080701838
del,148,4,0,0.044444444444444446,0.04440009977550512,0.004434466893932926
del,149,20,1,0.044372023063424415,0.04440009977550512,-0.0028076712080701838
del,150,20,1,0.044372023063424415,0.04440009977550512,-0.0028076712080701838
del,151,6,0,0.04446665001249063,0.04440009977550512,0.00665502369855131
del,152,20,1,0.044372023063424415,0.04440009977550512,-0.0028076712080701838
del,153,20,0,0.04462271245926297,0.04440009977550512,0.022261268375785292
del,154,12,0,0.04453340005003753,0.04440009977550512,0.013330027453241355
del,155,20,0,0.04462271245926297,0.04440009977550512,0.022261268375785292
del,156,20,1,0.044372023063424415,0.04440009977550512,-0.0028076712080701838
del,157,18,1,0.04434978702079679,0.04440009977550512,-0.005031275470832736
del,158,14,1,0.04430538172715895,0.04440009977550512,-0.009471804834616793
del,159,10,0,0.044511127781945485,0.04440009977550512,0.01110280064403682
del,160,6,0,0.04446665001249063,0.04440009977550512,0.00665502369855131
del,161,6,0,0.04446665001249063,0.04440009977550512,0.00665502369855131
del,162,11,0,0.04452226113056528,0.04440009977550512,0.01221613550601644
del,163,15,0,0.04456685027541312,0.04440009977550512,0.01667504999080041
del,164,3,0,0.044433349975037444,0.04440009977550512,0.003325019953232672
del,165,13,0,0.04454454454454455,0.04440009977550512,0.014444476903942988
del,166,6,1,0.04421683737197102,0.04440009977550512,-0.01832624035340985
del,167,20,2,0.04412133366758586,0.04440009977550512,-0.02787661079192566
del,169,20,1,0.044372023063424415,0.04440009977550512,-0.0028076712080701838
del,170,1,0,0.04441117764471058,0.04440009977550512,0.0011077869205462776
del,171,14,1,0.04430538172715895,0.04440009977550512,-0.009471804834616793
del,172,20,1,0.044372023063424415,0.04440009977550512,-0.0028076712080701838
del,173,19,0,0.04461152882205514,0.04440009977550512,0.021142904655001987
del,174,4,0,0.044444444444444446,0.04440009977550512,0.004434466893932926
del,175,8,1,0.04423894026493377,0.04440009977550512,-0.01611595105713501
del,176,14,1,0.04430538172715895,0.04440009977550512,-0.009471804834616793
del,177,6,0,0.04446665001249063,0.04440009977550512,0.00665502369855131
del,179,20,1,0.044372023063424415,0.04440009977550512,-0.0028076712080701838
del,181,1,0,0.04441117764471058,0.04440009977550512,0.0011077869205462776
del,182,3,0,0.044433349975037444,0.04440009977550512,0.003325019953232672
del,183,15,2,0.04406609914872309,0.04440009977550512,-0.033400062678203
del,184,2,0,0.04442226104317445,0.04440009977550512,0.0022161267669330853
del,185,4,0,0.044444444444444446,0.04440009977550512,0.004434466893932926
del,186,20,1,0.044372023063424415,0.04440009977550512,-0.0028076712080701838
del,187,2,0,0.04442226104317445,0.04440009977550512,0.0022161267669330853
del,188,9,0,0.0445,0.04440009977550512,0.0099900224494881
del,190,2,0,0.04442226104317445,0.04440009977550512,0.0022161267669330853
del,191,6,0,0.04446665001249063,0.04440009977550512,0.00665502369855131
del,192,2,0,0.04442226104317445,0.04440009977550512,0.0022161267669330853
del,193,4,0,0.044444444444444446,0.04440009977550512,0.004434466893932926
del,194,1,0,0.04441117764471058,0.04440009977550512,0.0011077869205462776
del,195,2,0,0.04442226104317445,0.04440009977550512,0.0022161267669330853
del,198,6,1,0.04421683737197102,0.04440009977550512,-0.01832624035340985
del,199,1,0,0.04441117764471058,0.04440009977550512,0.0011077869205462776
del,200,6,1,0.04421683737197102,0.04440009977550512,-0.01832624035340985
del,201,3,0,0.044433349975037444,0.04440009977550512,0.003325019953232672
del,202,17,0,0.04458917835671343,0.04440009977550512,0.01890785812083129
del,203,2,0,0.04442226104317445,0.04440009977550512,0.0022161267669330853
del,206,7,0,0.04447776111944028,0.04440009977550512,0.007766134393516477
del,207,15,2,0.04406609914872309,0.04440009977550512,-0.033400062678203
del,208,15,0,0.04456685027541312,0.04440009977550512,0.01667504999080041
del,209,2,0,0.04442226104317445,0.04440009977550512,0.0022161267669330853
del,210,20,1,0.044372023063424415,0.04440009977550512,-0.0028076712080701838
del,211,10,0,0.044511127781945485,0.04440009977550512,0.01110280064403682
del,212,9,1,0.04425,0.04440009977550512,-0.015009977550511922
del,213,10,1,0.04426106526631658,0.04440009977550512,-0.013903450918853477
del,214,2,0,0.04442226104317445,0.04440009977550512,0.0022161267669330853
del,215,10,0,0.044511127781945485,0.04440009977550512,0.01110280064403682
del,216,20,1,0.044372023063424415,0.04440009977550512,-0.0028076712080701838
del,217,7,1,0.04422788605697151,0.04440009977550512,-0.017221371853360506
del,218,9,0,0.0445,0.04440009977550512,0.0099900224494881
del,219,14,2,0.044055068836045055,0.04440009977550512,-0.03450309394600615
del,221,11,0,0.04452226113056528,0.04440009977550512,0.01221613550601644
del,222,14,0,0.04455569461827284,0.04440009977550512,0.015559484276772562
del,223,3,0,0.044433349975037444,0.04440009977550512,0.003325019953232672
del,224,18,0,0.04460035078927587,0.04440009977550512,0.02002510137707539
del,227,5,0,0.044455544455544456,0.04440009977550512,0.005544468003933906
del,232,5,1,0.04420579420579421,0.04440009977550512,-0.019430556971090918
del,233,1,0,0.04441117764471058,0.04440009977550512,0.0011077869205462776
del,235,4,0,0.044444444444444446,0.04440009977550512,0.004434466893932926
del,237,4,0,0.044444444444444446,0.04440009977550512,0.004434466893932926
del,239,15,0,0.04456685027541312,0.04440009977550512,0.01667504999080041
del,242,2,0,0.04442226104317445,0.04440009977550512,0.0022161267669330853
del,244,5,0,0.044455544455544456,0.04440009977550512,0.005544468003933906
del,245,19,1,0.0443609022556391,0.04440009977550512,-0.003919751986601605
del,246,6,0,0.04446665001249063,0.04440009977550512,0.00665502369855131
del,247,20,0,0.04462271245926297,0.04440009977550512,0.022261268375785292
del,248,5,1,0.04420579420579421,0.04440009977550512,-0.019430556971090918
del,249,20,0,0.04462271245926297,0.04440009977550512,0.022261268375785292
del,250,4,1,0.044194756554307116,0.04440009977550512,-0.020534322119800108
del,251,20,0,0.04462271245926297,0.04440009977550512,0.022261268375785292
del,252,12,2,0.044033024768576436,0.04440009977550512,-0.03670750069286813
del,253,13,2,0.044044044044044044,0.04440009977550512,-0.03560557314610732
del,254,10,0,0.044511127781945485,0.04440009977550512,0.01110280064403682
del,255,9,0,0.0445,0.04440009977550512,0.0099900224494881
del,256,15,3,0.043815723585378066,0.04440009977550512,-0.058437619012705055
del,257,18,0,0.04460035078927587,0.04440009977550512,0.02002510137707539
del,258,7,1,0.04422788605697151,0.04440009977550512,-0.017221371853360506
del,259,5,1,0.04420579420579421,0.04440009977550512,-0.019430556971090918
del,260,15,1,0.0443164747120681,0.04440009977550512,-0.008362506343701642
del,261,20,0,0.04462271245926297,0.04440009977550512,0.022261268375785292
del,262,5,0,0.044455544455544456,0.04440009977550512,0.005544468003933906
del,263,20,0,0.04462271245926297,0.04440009977550512,0.022261268375785292
del,264,5,1,0.04420579420579421,0.04440009977550512,-0.019430556971090918
del,265,1,0,0.04441117764471058,0.04440009977550512,0.0011077869205462776
del,266,20,2,0.04412133366758586,0.04440009977550512,-0.02787661079192566
del,267,20,3,0.043870644271747306,0.04440009977550512,-0.052945550375781136
del,268,20,1,0.044372023063424415,0.04440009977550512,-0.0028076712080701838
del,269,8,0,0.04448887778055486,0.04440009977550512,0.008877800504974304
del,270,10,0,0.044511127781945485,0.04440009977550512,0.01110280064403682
del,271,20,0,0.04462271245926297,0.04440009977550512,0.022261268375785292
del,272,20,0,0.04462271245926297,0.04440009977550512,0.022261268375785292
del,273,20,2,0.04412133366758586,0.04440009977550512,-0.02787661079192566
del,274,16,1,0.04432757325319309,0.04440009977550512,-0.007252652231203027
del,276,4,0,0.044444444444444446,0.04440009977550512,0.004434466893932926
del,277,4,0,0.044444444444444446,0.04440009977550512,0.004434466893932926
del,278,13,0,0.04454454454454455,0.04440009977550512,0.014444476903942988
del,279,16,0,0.044578011520160284,0.04440009977550512,0.017791174465516674
del,280,20,1,0.044372023063424415,0.04440009977550512,-0.0028076712080701838
del,281,2,0,0.04442226104317445,0.04440009977550512,0.0022161267669330853
del,282,6,0,0.04446665001249063,0.04440009977550512,0.00665502369855131
del,283,15,0,0.04456685027541312,0.04440009977550512,0.01667504999080041
del,284,20,1,0.044372023063424415,0.04440009977550512,-0.0028076712080701838
del,285,3,0,0.044433349975037444,0.04440009977550512,0.003325019953232672
del,286,6,0,0.04446665001249063,0.04440009977550512,0.00665502369855131
del,288,18,1,0.04434978702079679,0.04440009977550512,-0.005031275470832736
del,289,9,0,0.0445,0.04440009977550512,0.0099900224494881
del,290,5,0,0.044455544455544456,0.04440009977550512,0.005544468003933906
del,291,3,1,0.04418372441337993,0.04440009977550512,-0.021637536212518876
del,292,19,3,0.043859649122807015,0.04440009977550512,-0.05404506526981018
del,294,7,0,0.04447776111944028,0.04440009977550512,0.007766134393516477
del,295,20,2,0.04412133366758586,0.04440009977550512,-0.02787661079192566
del,296,14,0,0.04455569461827284,0.04440009977550512,0.015559484276772562
del,297,3,0,0.044433349975037444,0.04440009977550512,0.003325019953232672
del,299,19,1,0.0443609022556391,0.04440009977550512,-0.003919751986601605
del,300,20,0,0.04462271245926297,0.04440009977550512,0.022261268375785292
del,301,19,3,0.043859649122807015,0.04440009977550512,-0.05404506526981018
del,302,1,0,0.04441117764471058,0.04440009977550512,0.0011077869205462776
del,303,20,2,0.04412133366758586,0.04440009977550512,-0.02787661079192566
del,304,20,0,0.04462271245926297,0.04440009977550512,0.022261268375785292
del,305,16,1,0.04432757325319309,0.04440009977550512,-0.007252652231203027
del,306,20,0,0.04462271245926297,0.04440009977550512,0.022261268375785292
del,307,2,0,0.04442226104317445,0.04440009977550512,0.0022161267669330853
del,308,6,0,0.04446665001249063,0.04440009977550512,0.00665502369855131
del,309,20,3,0.043870644271747306,0.04440009977550512,-0.052945550375781136
del,310,13,1,0.044294294294294295,0.04440009977550512,-0.010580548121082167
del,311,2,0,0.04442226104317445,0.04440009977550512,0.0022161267669330853
del,312,20,2,0.04412133366758586,0.04440009977550512,-0.02787661079192566
del,313,2,0,0.04442226104317445,0.04440009977550512,0.0022161267669330853
del,314,5,0,0.044455544455544456,0.04440009977550512,0.005544468003933906
del,315,15,2,0.04406609914872309,0.04440009977550512,-0.033400062678203
del,316,20,1,0.044372023063424415,0.04440009977550512,-0.0028076712080701838
del,317,20,0,0.04462271245926297,0.04440009977550512,0.022261268375785292
del,318,13,0,0.04454454454454455,0.04440009977550512,0.014444476903942988
del,319,20,0,0.04462271245926297,0.04440009977550512,0.022261268375785292
del,320,13,0,0.04454454454454455,0.04440009977550512,0.014444476903942988
del,321,20,2,0.04412133366758586,0.04440009977550512,-0.02787661079192566
del,322,20,0,0.04462271245926297,0.04440009977550512,0.022261268375785292
del,323,14,0,0.04455569461827284,0.04440009977550512,0.015559484276772562
del,324,20,0,0.04462271245926297,0.04440009977550512,0.022261268375785292
del,325,9,1,0.04425,0.04440009977550512,-0.015009977550511922
del,326,4,0,0.044444444444444446,0.04440009977550512,0.004434466893932926
del,327,20,1,0.044372023063424415,0.04440009977550512,-0.0028076712080701838
del,328,5,1,0.04420579420579421,0.04440009977550512,-0.019430556971090918
del,329,1,0,0.04441117764471058,0.04440009977550512,0.0011077869205462776
del,330,2,0,0.04442226104317445,0.04440009977550512,0.0022161267669330853
del,331,1,0,0.04441117764471058,0.04440009977550512,0.0011077869205462776
del,332,20,0,0.04462271245926297,0.04440009977550512,0.022261268375785292
del,334,9,0,0.0445,0.04440009977550512,0.0099900224494881
del,335,18,1,0.04434978702079679,0.04440009977550512,-0.005031275470832736
del,336,20,0,0.04462271245926297,0.04440009977550512,0.022261268375785292
del,337,6,0,0.04446665001249063,0.04440009977550512,0.00665502369855131
del,338,3,1,0.04418372441337993,0.04440009977550512,-0.021637536212518876
del,339,11,3,0.04377188594297149,0.04440009977550512,-0.06282138325336278
del,340,8,1,0.04423894026493377,0.04440009977550512,-0.01611595105713501
del,341,2,0,0.04442226104317445,0.04440009977550512,0.0022161267669330853
del,342,2,0,0.04442226104317445,0.04440009977550512,0.0022161267669330853
del,343,7,0,0.04447776111944028,0.04440009977550512,0.007766134393516477
del,344,9,0,0.0445,0.04440009977550512,0.0099900224494881
del,345,10,0,0.044511127781945485,0.04440009977550512,0.01110280064403682
del,346,6,0,0.04446665001249063,0.04440009977550512,0.00665502369855131
del,347,20,2,0.04412133366758586,0.04440009977550512,-0.02787661079192566
del,348,16,1,0.04432757325319309,0.04440009977550512,-0.007252652231203027
del,349,5,1,0.04420579420579421,0.04440009977550512,-0.019430556971090918
del,350,20,1,0.044372023063424415,0.04440009977550512,-0.0028076712080701838
del,351,10,0,0.044511127781945485,0.04440009977550512,0.01110280064403682
del,352,9,0,0.0445,0.04440009977550512,0.0099900224494881
del,353,14,1,0.04430538172715895,0.04440009977550512,-0.009471804834616793
del,354,2,0,0.04442226104317445,0.04440009977550512,0.0022161267669330853
del,355,13,1,0.044294294294294295,0.04440009977550512,-0.010580548121082167
del,356,5,0,0.044455544455544456,0.04440009977550512,0.005544468003933906
del,357,2,0,0.04442226104317445,0.04440009977550512,0.0022161267669330853
del,358,12,2,0.044033024768576436,0.04440009977550512,-0.03670750069286813
del,359,4,1,0.044194756554307116,0.04440009977550512,-0.020534322119800108
del,360,20,1,0.044372023063424415,0.04440009977550512,-0.0028076712080701838
del,362,1,0,0.04441117764471058,0.04440009977550512,0.0011077869205462776
del,364,9,0,0.0445,0.04440009977550512,0.0099900224494881
del,365,20,1,0.044372023063424415,0.04440009977550512,-0.0028076712080701838
del,366,1,0,0.04441117764471058,0.04440009977550512,0.0011077869205462776
del,367,3,0,0.044433349975037444,0.04440009977550512,0.003325019953232672
del,368,20,0,0.04462271245926297,0.04440009977550512,0.022261268375785292
del,369,18,1,0.04434978702079679,0.04440009977550512,-0.005031275470832736
del,370,4,0,0.044444444444444446,0.04440009977550512,0.004434466893932926
del,371,15,0,0.04456685027541312,0.04440009977550512,0.01667504999080041
del,372,16,0,0.044578011520160284,0.04440009977550512,0.017791174465516674
del,373,17,1,0.04433867735470942,0.04440009977550512,-0.006142242079569538
del,374,15,1,0.0443164747120681,0.04440009977550512,-0.008362506343701642
del,375,10,2,0.04401100275068767,0.04440009977550512,-0.03890970248174447
del,376,20,0,0.04462271245926297,0.04440009977550512,0.022261268375785292
del,377,11,0,0.04452226113056528,0.04440009977550512,0.01221613550601644
del,378,20,0,0.04462271245926297,0.04440009977550512,0.022261268375785292
del,379,19,1,0.0443609022556391,0.04440009977550512,-0.003919751986601605
del,380,16,1,0.04432757325319309,0.04440009977550512,-0.007252652231203027
del,381,20,2,0.04412133366758586,0.04440009977550512,-0.02787661079192566
del,382,6,1,0.04421683737197102,0.04440009977550512,-0.01832624035340985
del,383,2,1,0.044172697778886945,0.04440009977550512,-0.0227401996618172
del,384,4,0,0.044444444444444446,0.04440009977550512,0.004434466893932926
del,385,11,0,0.04452226113056528,0.04440009977550512,0.01221613550601644
del,386,7,1,0.04422788605697151,0.04440009977550512,-0.017221371853360506
del,387,4,0,0.044444444444444446,0.04440009977550512,0.004434466893932926
del,388,5,0,0.044455544455544456,0.04440009977550512,0.005544468003933906
del,389,4,0,0.044444444444444446,0.04440009977550512,0.004434466893932926
del,390,4,0,0.044444444444444446,0.04440009977550512,0.004434466893932926
del,393,20,2,0.04412133366758586,0.04440009977550512,-0.02787661079192566
del,394,2,0,0.04442226104317445,0.04440009977550512,0.0022161267669330853
del,395,5,0,0.044455544455544456,0.04440009977550512,0.005544468003933906
del,396,11,0,0.04452226113056528,0.04440009977550512,0.01221613550601644
del,397,8,1,0.04423894026493377,0.04440009977550512,-0.01611595105713501
del,398,14,1,0.04430538172715895,0.04440009977550512,-0.009471804834616793
del,399,6,0,0.04446665001249063,0.04440009977550512,0.00665502369855131
jai,2,6,0,0.036827195467422094,0.03670242800677583,0.012476746064626204
jai,5,2,0,0.03674392312040701,0.03670242800677583,0.004149511363117642
jai,7,8,0,0.0368689733408962,0.03670242800677583,0.016654533412036737
jai,11,1,0,0.03672316384180791,0.03670242800677583,0.0020735835032079097
jai,18,1,0,0.03672316384180791,0.03670242800677583,0.0020735835032079097
jai,24,16,0,0.037037037037037035,0.03670242800677583,0.03346090302612029
jai,25,20,0,0.03712164477441462,0.03670242800677583,0.04192167676387859
jai,26,4,1,0.03621958121109225,0.03670242800677583,-0.04828467956835836
jai,28,1,0,0.03672316384180791,0.03670242800677583,0.0020735835032079097
jai,30,4,0,0.03678551216751556,0.03670242800677583,0.008308416073973118
jai,32,9,0,0.03688989784335982,0.03670242800677583,0.018746983658398525
jai,33,1,0,0.03672316384180791,0.03670242800677583,0.0020735835032079097
jai,35,13,1,0.03640500568828214,0.03670242800677583,-0.029742231849369527
jai,40,20,3,0.03540833809251856,0.03670242800677583,-0.12940899142572723
jai,41,20,3,0.03540833809251856,0.03670242800677583,-0.12940899142572723
jai,42,20,0,0.03712164477441462,0.03670242800677583,0.04192167676387859
jai,43,20,0,0.03712164477441462,0.03670242800677583,0.04192167676387859
jai,44,7,0,0.036848072562358274,0.03670242800677583,0.01456445555824415
jai,47,14,0,0.03699487763232783,0.03670242800677583,0.029244962555199927
jai,48,6,1,0.036260623229461754,0.03670242800677583,-0.04418047773140782
jai,49,20,1,0.036550542547115934,0.03670242800677583,-0.015188545965989786
jai,50,17,0,0.037058152793614595,0.03670242800677583,0.03557247868387625
jai,51,19,1,0.0365296803652968,0.03670242800677583,-0.01727476414790305
jai,52,2,0,0.03674392312040701,0.03670242800677583,0.004149511363117642
jai,54,20,0,0.03712164477441462,0.03670242800677583,0.04192167676387859
jai,55,9,1,0.036322360953461974,0.03670242800677583,-0.03800670533138581
jai,56,15,0,0.037015945330296125,0.03670242800677583,0.031351732352029316
jai,57,13,0,0.036973833902161544,0.03670242800677583,0.027140589538571236
jai,58,9,0,0.03688989784335982,0.03670242800677583,0.018746983658398525
jai,59,20,0,0.03712164477441462,0.03670242800677583,0.04192167676387859
jai,60,8,0,0.0368689733408962,0.03670242800677583,0.016654533412036737
jai,61,12,0,0.03695281409891984,0.03670242800677583,0.025038609214400598
jai,62,1,0,0.03672316384180791,0.03670242800677583,0.0020735835032079097
jai,63,18,0,0.037079292641186534,0.03670242800677583,0.03768646344107021
jai,64,19,0,0.037100456621004564,0.03670242800677583,0.039802861422873204
jai,65,6,0,0.036827195467422094,0.03670242800677583,0.012476746064626204
jai,66,20,1,0.036550542547115934,0.03670242800677583,-0.015188545965989786
jai,67,20,0,0.03712164477441462,0.03670242800677583,0.04192167676387859
jai,68,20,2,0.03597944031981725,0.03670242800677583,-0.07229876869585816
jai,69,20,1,0.036550542547115934,0.03670242800677583,-0.015188545965989786
jai,70,16,0,0.037037037037037035,0.03670242800677583,0.03346090302612029
jai,71,17,0,0.037058152793614595,0.03670242800677583,0.03557247868387625
jai,72,6,0,0.036827195467422094,0.03670242800677583,0.012476746064626204
jai,73,10,0,0.03691084611016468,0.03670242800677583,0.020841810338884798
jai,74,16,1,0.036467236467236465,0.03670242800677583,-0.023519153953936722
jai,75,1,0,0.03672316384180791,0.03670242800677583,0.0020735835032079097
jai,76,8,0,0.0368689733408962,0.03670242800677583,0.016654533412036737
jai,77,19,0,0.037100456621004564,0.03670242800677583,0.039802861422873204
jai,78,3,1,0.03619909502262444,0.03670242800677583,-0.05033329841513945
jai,79,20,0,0.03712164477441462,0.03670242800677583,0.04192167676387859
jai,80,11,0,0.036931818181818184,0.03670242800677583,0.02293901750423516
jai,81,8,0,0.0368689733408962,0.03670242800677583,0.016654533412036737
jai,82,16,3,0.035327635327635325,0.03670242800677583,-0.13747926791405074
jai,83,4,0,0.03678551216751556,0.03670242800677583,0.008308416073973118
jai,84,20,0,0.03712164477441462,0.03670242800677583,0.04192167676387859
jai,85,1,0,0.03672316384180791,0.03670242800677583,0.0020735835032079097
jai,86,8,1,0.036301758366420876,0.03670242800677583,-0.04006696403549559
jai,87,15,0,0.037015945330296125,0.03670242800677583,0.031351732352029316
jai,88,7,0,0.036848072562358274,0.03670242800677583,0.01456445555824415
jai,89,10,1,0.03634298693923907,0.03670242800677583,-0.03594410675367629
jai,90,10,1,0.03634298693923907,0.03670242800677583,-0.03594410675367629
jai,91,3,0,0.03676470588235294,0.03670242800677583,0.006227787557711029
jai,92,6,0,0.036827195467422094,0.03670242800677583,0.012476746064626204
jai,93,6,0,0.036827195467422094,0.03670242800677583,0.012476746064626204
jai,94,11,2,0.03579545454545455,0.03670242800677583,-0.09069734613212851
jai,95,7,0,0.036848072562358274,0.03670242800677583,0.01456445555824415
jai,97,7,0,0.036848072562358274,0.03670242800677583,0.01456445555824415
jai,98,4,0,0.03678551216751556,0.03670242800677583,0.008308416073973118
jai,99,3,0,0.03676470588235294,0.03670242800677583,0.006227787557711029
jai,100,4,1,0.03621958121109225,0.03670242800677583,-0.04828467956835836
jai,101,14,0,0.03699487763232783,0.03670242800677583,0.029244962555199927
jai,102,20,1,0.036550542547115934,0.03670242800677583,-0.015188545965989786
jai,107,4,0,0.03678551216751556,0.03670242800677583,0.008308416073973118
jai,108,2,0,0.03674392312040701,0.03670242800677583,0.004149511363117642
jai,109,13,0,0.036973833902161544,0.03670242800677583,0.027140589538571236
jai,110,14,0,0.03699487763232783,0.03670242800677583,0.029244962555199927
jai,112,13,1,0.03640500568828214,0.03670242800677583,-0.029742231849369527
jai,114,7,0,0.036848072562358274,0.03670242800677583,0.01456445555824415
jai,115,7,0,0.036848072562358274,0.03670242800677583,0.01456445555824415
jai,116,1,0,0.03672316384180791,0.03670242800677583,0.0020735835032079097
jai,117,1,0,0.03672316384180791,0.03670242800677583,0.0020735835032079097
jai,118,7,0,0.036848072562358274,0.03670242800677583,0.01456445555824415
jai,119,2,1,0.03617863199547767,0.03670242800677583,-0.05237960112981638
jai,120,11,1,0.03636363636363636,0.03670242800677583,-0.033879164313947024
jai,121,3,0,0.03676470588235294,0.03670242800677583,0.006227787557711029
jai,122,1,0,0.03672316384180791,0.03670242800677583,0.0020735835032079097
jai,123,16,0,0.037037037037037035,0.03670242800677583,0.03346090302612029
jai,124,7,0,0.036848072562358274,0.03670242800677583,0.01456445555824415
jai,125,3,0,0.03676470588235294,0.03670242800677583,0.006227787557711029
jai,126,4,0,0.03678551216751556,0.03670242800677583,0.008308416073973118
jai,127,5,0,0.03680634201585504,0.03670242800677583,0.010391400907920623
jai,129,2,0,0.03674392312040701,0.03670242800677583,0.004149511363117642
jai,130,20,0,0.03712164477441462,0.03670242800677583,0.04192167676387859
jai,131,7,0,0.036848072562358274,0.03670242800677583,0.01456445555824415
jai,132,15,0,0.037015945330296125,0.03670242800677583,0.031351732352029316
jai,133,4,0,0.03678551216751556,0.03670242800677583,0.008308416073973118
jai,134,7,0,0.036848072562358274,0.03670242800677583,0.01456445555824415
jai,135,5,0,0.03680634201585504,0.03670242800677583,0.010391400907920623
jai,136,11,1,0.03636363636363636,0.03670242800677583,-0.033879164313947024
jai,137,16,3,0.035327635327635325,0.03670242800677583,-0.13747926791405074
jai,138,2,0,0.03674392312040701,0.03670242800677583,0.004149511363117642
jai,139,5,0,0.03680634201585504,0.03670242800677583,0.010391400907920623
jai,141,13,1,0.03640500568828214,0.03670242800677583,-0.029742231849369527
jai,142,6,0,0.036827195467422094,0.03670242800677583,0.012476746064626204
jai,143,17,1,0.036488027366020526,0.03670242800677583,-0.021440064075530646
jai,145,20,0,0.03712164477441462,0.03670242800677583,0.04192167676387859
jai,146,20,0,0.03712164477441462,0.03670242800677583,0.04192167676387859
jai,147,9,0,0.03688989784335982,0.03670242800677583,0.018746983658398525
jai,148,5,0,0.03680634201585504,0.03670242800677583,0.010391400907920623
jai,149,9,0,0.03688989784335982,0.03670242800677583,0.018746983658398525
jai,151,8,0,0.0368689733408962,0.03670242800677583,0.016654533412036737
jai,152,3,0,0.03676470588235294,0.03670242800677583,0.006227787557711029
jai,154,3,0,0.03676470588235294,0.03670242800677583,0.006227787557711029
jai,155,8,0,0.0368689733408962,0.03670242800677583,0.016654533412036737
jai,156,17,1,0.036488027366020526,0.03670242800677583,-0.021440064075530646
jai,157,1,0,0.03672316384180791,0.03670242800677583,0.0020735835032079097
jai,158,5,0,0.03680634201585504,0.03670242800677583,0.010391400907920623
jai,159,9,0,0.03688989784335982,0.03670242800677583,0.018746983658398525
jai,160,1,0,0.03672316384180791,0.03670242800677583,0.0020735835032079097
jai,161,20,0,0.03712164477441462,0.03670242800677583,0.04192167676387859
jai,162,20,3,0.03540833809251856,0.03670242800677583,-0.12940899142572723
jai,163,20,2,0.03597944031981725,0.03670242800677583,-0.07229876869585816
jai,164,3,0,0.03676470588235294,0.03670242800677583,0.006227787557711029
jai,165,11,0,0.036931818181818184,0.03670242800677583,0.02293901750423516
jai,166,2,0,0.03674392312040701,0.03670242800677583,0.004149511363117642
jai,167,2,0,0.03674392312040701,0.03670242800677583,0.004149511363117642
jai,168,3,0,0.03676470588235294,0.03670242800677583,0.006227787557711029
jai,175,1,0,0.03672316384180791,0.03670242800677583,0.0020735835032079097
jai,176,2,0,0.03674392312040701,0.03670242800677583,0.004149511363117642
jai,177,20,0,0.03712164477441462,0.03670242800677583,0.04192167676387859
jai,178,2,0,0.03674392312040701,0.03670242800677583,0.004149511363117642
jai,182,14,0,0.03699487763232783,0.03670242800677583,0.029244962555199927
jai,188,10,0,0.03691084611016468,0.03670242800677583,0.020841810338884798
jai,190,7,0,0.036848072562358274,0.03670242800677583,0.01456445555824415
jai,192,2,0,0.03674392312040701,0.03670242800677583,0.004149511363117642
jai,193,1,0,0.03672316384180791,0.03670242800677583,0.0020735835032079097
jai,197,1,0,0.03672316384180791,0.03670242800677583,0.0020735835032079097
jai,200,1,0,0.03672316384180791,0.03670242800677583,0.0020735835032079097
jai,203,1,0,0.03672316384180791,0.03670242800677583,0.0020735835032079097
jai,204,1,0,0.03672316384180791,0.03670242800677583,0.0020735835032079097
jai,205,1,0,0.03672316384180791,0.03670242800677583,0.0020735835032079097
jai,207,6,0,0.036827195467422094,0.03670242800677583,0.012476746064626204
jai,215,4,0,0.03678551216751556,0.03670242800677583,0.008308416073973118
jai,216,1,0,0.03672316384180791,0.03670242800677583,0.0020735835032079097
jai,219,3,0,0.03676470588235294,0.03670242800677583,0.006227787557711029
jai,230,1,0,0.03672316384180791,0.03670242800677583,0.0020735835032079097
jai,231,3,1,0.03619909502262444,0.03670242800677583,-0.05033329841513945
jai,234,2,0,0.03674392312040701,0.03670242800677583,0.004149511363117642
jai,235,1,0,0.03672316384180791,0.03670242800677583,0.0020735835032079097
jai,236,8,0,0.0368689733408962,0.03670242800677583,0.016654533412036737
jai,237,1,0,0.03672316384180791,0.03670242800677583,0.0020735835032079097
jai,238,7,1,0.036281179138321996,0.03670242800677583,-0.04212488684538357
jai,241,1,0,0.03672316384180791,0.03670242800677583,0.0020735835032079097
jai,242,1,0,0.03672316384180791,0.03670242800677583,0.0020735835032079097
jai,243,2,0,0.03674392312040701,0.03670242800677583,0.004149511363117642
jai,245,3,0,0.03676470588235294,0.03670242800677583,0.006227787557711029
jai,246,1,0,0.03672316384180791,0.03670242800677583,0.0020735835032079097
jai,247,3,0,0.03676470588235294,0.03670242800677583,0.006227787557711029
jai,250,2,0,0.03674392312040701,0.03670242800677583,0.004149511363117642
jai,252,4,0,0.03678551216751556,0.03670242800677583,0.008308416073973118
jai,256,1,0,0.03672316384180791,0.03670242800677583,0.0020735835032079097
jai,257,3,0,0.03676470588235294,0.03670242800677583,0.006227787557711029
jai,259,1,0,0.03672316384180791,0.03670242800677583,0.0020735835032079097
jai,260,2,0,0.03674392312040701,0.03670242800677583,0.004149511363117642
jai,262,2,1,0.03617863199547767,0.03670242800677583,-0.05237960112981638
jai,266,8,0,0.0368689733408962,0.03670242800677583,0.016654533412036737
jai,267,6,2,0.035694050991501414,0.03670242800677583,-0.10083770152744184
jai,268,1,0,0.03672316384180791,0.03670242800677583,0.0020735835032079097
jai,270,7,0,0.036848072562358274,0.03670242800677583,0.01456445555824415
jai,271,1,0,0.03672316384180791,0.03670242800677583,0.0020735835032079097
jai,272,3,0,0.03676470588235294,0.03670242800677583,0.006227787557711029
jai,274,6,0,0.036827195467422094,0.03670242800677583,0.012476746064626204
jai,275,1,0,0.03672316384180791,0.03670242800677583,0.0020735835032079097
jai,276,2,0,0.03674392312040701,0.03670242800677583,0.004149511363117642
jai,277,2,0,0.03674392312040701,0.03670242800677583,0.004149511363117642
jai,280,2,0,0.03674392312040701,0.03670242800677583,0.004149511363117642
jai,282,3,0,0.03676470588235294,0.03670242800677583,0.006227787557711029
jai,283,2,0,0.03674392312040701,0.03670242800677583,0.004149511363117642
jai,284,2,0,0.03674392312040701,0.03670242800677583,0.004149511363117642
jai,285,2,0,0.03674392312040701,0.03670242800677583,0.004149511363117642
jai,286,4,0,0.03678551216751556,0.03670242800677583,0.008308416073973118
jai,287,7,0,0.036848072562358274,0.03670242800677583,0.01456445555824415
jai,288,16,0,0.037037037037037035,0.03670242800677583,0.03346090302612029
jai,289,10,2,0.03577512776831346,0.03670242800677583,-0.09273002384623738
jai,290,4,0,0.03678551216751556,0.03670242800677583,0.008308416073973118
jai,293,20,1,0.036550542547115934,0.03670242800677583,-0.015188545965989786
jai,294,13,0,0.036973833902161544,0.03670242800677583,0.027140589538571236
jai,295,11,1,0.03636363636363636,0.03670242800677583,-0.033879164313947024
jai,296,20,2,0.03597944031981725,0.03670242800677583,-0.07229876869585816
jai,299,14,0,0.03699487763232783,0.03670242800677583,0.029244962555199927
jai,303,1,0,0.03672316384180791,0.03670242800677583,0.0020735835032079097
jai,307,1,0,0.03672316384180791,0.03670242800677583,0.0020735835032079097
jai,310,13,0,0.036973833902161544,0.03670242800677583,0.027140589538571236
jai,312,1,0,0.03672316384180791,0.03670242800677583,0.0020735835032079097
jai,314,1,0,0.03672316384180791,0.03670242800677583,0.0020735835032079097
jai,316,8,0,0.0368689733408962,0.03670242800677583,0.016654533412036737
jai,317,1,0,0.03672316384180791,0.03670242800677583,0.0020735835032079097
jai,320,6,0,0.036827195467422094,0.03670242800677583,0.012476746064626204
jai,321,1,0,0.03672316384180791,0.03670242800677583,0.0020735835032079097
jai,322,1,0,0.03672316384180791,0.03670242800677583,0.0020735835032079097
jai,325,4,0,0.03678551216751556,0.03670242800677583,0.008308416073973118
jai,328,16,1,0.036467236467236465,0.03670242800677583,-0.023519153953936722
jai,333,1,0,0.03672316384180791,0.03670242800677583,0.0020735835032079097
jai,334,11,0,0.036931818181818184,0.03670242800677583,0.02293901750423516
jai,336,3,0,0.03676470588235294,0.03670242800677583,0.006227787557711029
jai,337,18,0,0.037079292641186534,0.03670242800677583,0.03768646344107021
jai,339,1,0,0.03672316384180791,0.03670242800677583,0.0020735835032079097
jai,341,1,0,0.03672316384180791,0.03670242800677583,0.0020735835032079097
jai,342,1,0,0.03672316384180791,0.03670242800677583,0.0020735835032079097
jai,343,1,0,0.03672316384180791,0.03670242800677583,0.0020735835032079097
jai,344,12,1,0.036384309266628764,0.03670242800677583,-0.03181187401470678
jai,347,2,0,0.03674392312040701,0.03670242800677583,0.004149511363117642
jai,348,8,2,0.035734543391945546,0.03670242800677583,-0.09678846148302861
jai,349,5,0,0.03680634201585504,0.03670242800677583,0.010391400907920623
jai,350,1,0,0.03672316384180791,0.03670242800677583,0.0020735835032079097
jai,351,4,0,0.03678551216751556,0.03670242800677583,0.008308416073973118
jai,352,1,0,0.03672316384180791,0.03670242800677583,0.0020735835032079097
jai,354,4,0,0.03678551216751556,0.03670242800677583,0.008308416073973118
jai,357,1,0,0.03672316384180791,0.03670242800677583,0.0020735835032079097
jai,358,4,0,0.03678551216751556,0.03670242800677583,0.008308416073973118
jai,359,7,0,0.036848072562358274,0.03670242800677583,0.01456445555824415
jai,361,19,4,0.034817351598173514,0.03670242800677583,-0.1885076408602318
jai,363,2,0,0.03674392312040701,0.03670242800677583,0.004149511363117642
jai,365,2,1,0.03617863199547767,0.03670242800677583,-0.05237960112981638
jai,367,3,0,0.03676470588235294,0.03670242800677583,0.006227787557711029
jai,368,3,0,0.03676470588235294,0.03670242800677583,0.006227787557711029
jai,374,1,0,0.03672316384180791,0.03670242800677583,0.0020735835032079097
jai,376,5,1,0.0362400906002265,0.03670242800677583,-0.04623374065493291
jai,382,14,1,0.03642572566875356,0.03670242800677583,-0.027670233802227356
jai,384,16,0,0.037037037037037035,0.03670242800677583,0.03346090302612029
jai,387,1,0,0.03672316384180791,0.03670242800677583,0.0020735835032079097
jai,389,1,0,0.03672316384180791,0.03670242800677583,0.0020735835032079097
jai,391,4,0,0.03678551216751556,0.03670242800677583,0.008308416073973118
jai,393,1,0,0.03672316384180791,0.03670242800677583,0.0020735835032079097
jai,394,1,0,0.03672316384180791,0.03670242800677583,0.0020735835032079097
jai,397,1,0,0.03672316384180791,0.03670242800677583,0.0020735835032079097
jai,398,20,0,0.03712164477441462,0.03670242800677583,0.04192167676387859
jai,399,1,0,0.03672316384180791,0.03670242800677583,0.0020735835032079097
kol,0,20,0,0.024279615795090716,0.024150743099787687,0.012887269530302906
kol,1,20,0,0.024279615795090716,0.024150743099787687,0.012887269530302906
kol,2,20,1,0.0240128068303095,0.024150743099787687,-0.013793626947818799
kol,3,20,0,0.024279615795090716,0.024150743099787687,0.012887269530302906
kol,4,20,1,0.0240128068303095,0.024150743099787687,-0.013793626947818799
kol,5,7,2,0.023663919170433395,0.024150743099787687,-0.048682392935429225
kol,6,3,0,0.024169986719787515,0.024150743099787687,0.0019243619999827904
kol,7,20,1,0.0240128068303095,0.024150743099787687,-0.013793626947818799
kol,8,20,3,0.023479188900747065,0.024150743099787687,-0.06715541990406221
kol,9,8,1,0.023936170212765957,0.024150743099787687,-0.021457288702173005
kol,10,20,1,0.0240128068303095,0.024150743099787687,-0.013793626947818799
kol,12,20,0,0.024279615795090716,0.024150743099787687,0.012887269530302906
kol,13,20,0,0.024279615795090716,0.024150743099787687,0.012887269530302906
kol,14,10,0,0.024215007982969664,0.024150743099787687,0.0064264883181976845
kol,15,15,1,0.023980815347721823,0.024150743099787687,-0.016992775206586472
kol,16,18,0,0.024266666666666666,0.024150743099787687,0.01159235668789782
kol,17,6,0,0.024189261031366295,0.024150743099787687,0.0038517931578607723
kol,18,19,1,0.0240064017071219,0.024150743099787687,-0.0144341392665788
kol,19,20,0,0.024279615795090716,0.024150743099787687,0.012887269530302906
kol,20,20,0,0.024279615795090716,0.024150743099787687,0.012887269530302906
kol,21,4,0,0.024176408076514347,0.024150743099787687,0.0025664976726659516
kol,22,7,0,0.024195692634937517,0.024150743099787687,0.004494953514982969
kol,23,20,1,0.0240128068303095,0.024150743099787687,-0.013793626947818799
kol,24,10,2,0.02368281000532198,0.024150743099787687,-0.04679330944657063
kol,25,20,0,0.024279615795090716,0.024150743099787687,0.012887269530302906
kol,26,20,1,0.0240128068303095,0.024150743099787687,-0.013793626947818799
kol,27,20,1,0.0240128068303095,0.024150743099787687,-0.013793626947818799
kol,28,20,0,0.024279615795090716,0.024150743099787687,0.012887269530302906
kol,29,19,0,0.024273139503867697,0.024150743099787687,0.012239640408000935
kol,30,13,1,0.023968042609853527,0.024150743099787687,-0.018270048993416013
kol,31,20,1,0.0240128068303095,0.024150743099787687,-0.013793626947818799
kol,32,19,0,0.024273139503867697,0.024150743099787687,0.012239640408000935
kol,33,19,4,0.023206188316884504,0.024150743099787687,-0.09445547829031835
kol,34,20,0,0.024279615795090716,0.024150743099787687,0.012887269530302906
kol,35,11,0,0.02422145328719723,0.024150743099787687,0.007071018740954435
kol,36,16,2,0.023720682302771856,0.024150743099787687,-0.04300607970158313
kol,37,20,1,0.0240128068303095,0.024150743099787687,-0.013793626947818799
kol,38,10,0,0.024215007982969664,0.024150743099787687,0.0064264883181976845
kol,39,8,0,0.02420212765957447,0.024150743099787687,0.005138455978678097
kol,40,15,0,0.0242472688515854,0.024150743099787687,0.009652575179771097
kol,41,20,1,0.0240128068303095,0.024150743099787687,-0.013793626947818799
kol,42,15,0,0.0242472688515854,0.024150743099787687,0.009652575179771097
kol,43,17,1,0.023993601706211676,0.024150743099787687,-0.01571413935760116
kol,44,16,2,0.023720682302771856,0.024150743099787687,-0.04300607970158313
kol,45,12,2,0.02369542066027689,0.024150743099787687,-0.04553224395107969
kol,46,2,0,0.024163568773234202,0.024150743099787687,0.0012825673446514863
kol,47,20,2,0.023745997865528282,0.024150743099787687,-0.0404745234259405
kol,48,12,0,0.02422790202342918,0.024150743099787687,0.007715892364149393
kol,49,20,0,0.024279615795090716,0.024150743099787687,0.012887269530302906
kol,50,20,1,0.0240128068303095,0.024150743099787687,-0.013793626947818799
kol,51,20,0,0.024279615795090716,0.024150743099787687,0.012887269530302906
kol,52,2,0,0.024163568773234202,0.024150743099787687,0.0012825673446514863
kol,53,20,0,0.024279615795090716,0.024150743099787687,0.012887269530302906
kol,54,20,0,0.024279615795090716,0.024150743099787687,0.012887269530302906
kol,55,10,0,0.024215007982969664,0.024150743099787687,0.0064264883181976845
kol,56,7,0,0.024195692634937517,0.024150743099787687,0.004494953514982969
kol,57,15,0,0.0242472688515854,0.024150743099787687,0.009652575179771097
kol,58,20,0,0.024279615795090716,0.024150743099787687,0.012887269530302906
kol,59,15,0,0.0242472688515854,0.024150743099787687,0.009652575179771097
kol,60,3,0,0.024169986719787515,0.024150743099787687,0.0019243619999827904
kol,61,2,0,0.024163568773234202,0.024150743099787687,0.0012825673446514863
kol,62,1,0,0.024157154234138573,0.024150743099787687,6.411134350885889e-4
kol,63,15,0,0.0242472688515854,0.024150743099787687,0.009652575179771097
kol,64,14,1,0.02397442727757059,0.024150743099787687,-0.01763158222170963
kol,65,3,1,0.02390438247011952,0.024150743099787687,-0.024636062966816585
kol,66,4,0,0.024176408076514347,0.024150743099787687,0.0025664976726659516
kol,67,14,0,0.02424080980287693,0.024150743099787687,0.009006670308924283
kol,69,2,0,0.024163568773234202,0.024150743099787687,0.0012825673446514863
kol,70,6,0,0.024189261031366295,0.024150743099787687,0.0038517931578607723
kol,71,1,0,0.024157154234138573,0.024150743099787687,6.411134350885889e-4
kol,72,5,0,0.024182832846133404,0.024150743099787687,0.00320897463457169
kol,73,5,0,0.024182832846133404,0.024150743099787687,0.00320897463457169
kol,74,20,0,0.024279615795090716,0.024150743099787687,0.012887269530302906
kol,75,20,0,0.024279615795090716,0.024150743099787687,0.012887269530302906
kol,76,6,0,0.024189261031366295,0.024150743099787687,0.0038517931578607723
kol,77,3,0,0.024169986719787515,0.024150743099787687,0.0019243619999827904
kol,78,13,1,0.023968042609853527,0.024150743099787687,-0.018270048993416013
kol,79,1,0,0.024157154234138573,0.024150743099787687,6.411134350885889e-4
kol,80,7,0,0.024195692634937517,0.024150743099787687,0.004494953514982969
kol,81,3,0,0.024169986719787515,0.024150743099787687,0.0019243619999827904
kol,82,3,0,0.024169986719787515,0.024150743099787687,0.0019243619999827904
kol,83,2,0,0.024163568773234202,0.024150743099787687,0.0012825673446514863
kol,84,1,0,0.024157154234138573,0.024150743099787687,6.411134350885889e-4
kol,85,9,0,0.024208566108007448,0.024150743099787687,0.005782300821976019
kol,86,20,0,0.024279615795090716,0.024150743099787687,0.012887269530302906
kol,87,20,0,0.024279615795090716,0.024150743099787687,0.012887269530302906
kol,88,13,1,0.023968042609853527,0.024150743099787687,-0.018270048993416013
kol,89,1,0,0.024157154234138573,0.024150743099787687,6.411134350885889e-4
kol,90,10,0,0.024215007982969664,0.024150743099787687,0.0064264883181976845
kol,91,4,0,0.024176408076514347,0.024150743099787687,0.0025664976726659516
kol,92,5,0,0.024182832846133404,0.024150743099787687,0.00320897463457169
kol,93,20,0,0.024279615795090716,0.024150743099787687,0.012887269530302906
kol,94,20,0,0.024279615795090716,0.024150743099787687,0.012887269530302906
kol,95,2,0,0.024163568773234202,0.024150743099787687,0.0012825673446514863
kol,96,9,1,0.023942537909018357,0.024150743099787687,-0.02082051907693304
kol,97,20,0,0.024279615795090716,0.024150743099787687,0.012887269530302906
kol,98,20,0,0.024279615795090716,0.024150743099787687,0.012887269530302906
kol,99,18,0,0.024266666666666666,0.024150743099787687,0.01159235668789782
kol,100,16,0,0.024253731343283583,0.024150743099787687,0.010298824349589536
kol,101,18,0,0.024266666666666666,0.024150743099787687,0.01159235668789782
kol,102,20,1,0.0240128068303095,0.024150743099787687,-0.013793626947818799
kol,103,20,0,0.024279615795090716,0.024150743099787687,0.012887269530302906
kol,104,20,0,0.024279615795090716,0.024150743099787687,0.012887269530302906
kol,105,2,0,0.024163568773234202,0.024150743099787687,0.0012825673446514863
kol,107,2,0,0.024163568773234202,0.024150743099787687,0.0012825673446514863
kol,108,8,0,0.02420212765957447,0.024150743099787687,0.005138455978678097
kol,112,18,1,0.024,0.024150743099787687,-0.015074309978768685
kol,114,1,0,0.024157154234138573,0.024150743099787687,6.411134350885889e-4
kol,116,20,0,0.024279615795090716,0.024150743099787687,0.012887269530302906
kol,117,3,0,0.024169986719787515,0.024150743099787687,0.0019243619999827904
kol,118,20,0,0.024279615795090716,0.024150743099787687,0.012887269530302906
kol,119,18,0,0.024266666666666666,0.024150743099787687,0.01159235668789782
kol,120,20,0,0.024279615795090716,0.024150743099787687,0.012887269530302906
kol,121,9,0,0.024208566108007448,0.024150743099787687,0.005782300821976019
kol,122,16,0,0.024253731343283583,0.024150743099787687,0.010298824349589536
kol,123,4,0,0.024176408076514347,0.024150743099787687,0.0025664976726659516
kol,124,8,1,0.023936170212765957,0.024150743099787687,-0.021457288702173005
kol,127,6,0,0.024189261031366295,0.024150743099787687,0.0038517931578607723
kol,128,15,0,0.0242472688515854,0.024150743099787687,0.009652575179771097
kol,129,15,0,0.0242472688515854,0.024150743099787687,0.009652575179771097
kol,130,16,0,0.024253731343283583,0.024150743099787687,0.010298824349589536
kol,131,13,0,0.024234354194407455,0.024150743099787687,0.008361109461976768
kol,132,16,0,0.024253731343283583,0.024150743099787687,0.010298824349589536
kol,134,3,0,0.024169986719787515,0.024150743099787687,0.0019243619999827904
kol,135,20,0,0.024279615795090716,0.024150743099787687,0.012887269530302906
kol,136,13,0,0.024234354194407455,0.024150743099787687,0.008361109461976768
kol,137,18,2,0.023733333333333332,0.024150743099787687,-0.04174097664543554
kol,138,20,0,0.024279615795090716,0.024150743099787687,0.012887269530302906
kol,139,20,0,0.024279615795090716,0.024150743099787687,0.012887269530302906
kol,140,2,0,0.024163568773234202,0.024150743099787687,0.0012825673446514863
kol,141,2,0,0.024163568773234202,0.024150743099787687,0.0012825673446514863
kol,142,6,0,0.024189261031366295,0.024150743099787687,0.0038517931578607723
kol,143,20,1,0.0240128068303095,0.024150743099787687,-0.013793626947818799
kol,144,15,0,0.0242472688515854,0.024150743099787687,0.009652575179771097
kol,145,13,1,0.023968042609853527,0.024150743099787687,-0.018270048993416013
kol,146,20,2,0.023745997865528282,0.024150743099787687,-0.0404745234259405
kol,147,2,0,0.024163568773234202,0.024150743099787687,0.0012825673446514863
kol,148,13,0,0.024234354194407455,0.024150743099787687,0.008361109461976768
kol,149,15,2,0.023714361843858247,0.024150743099787687,-0.04363812559294404
kol,150,10,0,0.024215007982969664,0.024150743099787687,0.0064264883181976845
kol,151,18,0,0.024266666666666666,0.024150743099787687,0.01159235668789782
kol,152,20,1,0.0240128068303095,0.024150743099787687,-0.013793626947818799
kol,153,5,0,0.024182832846133404,0.024150743099787687,0.00320897463457169
kol,154,17,0,0.02426019728072514,0.024150743099787687,0.010945418093745093
kol,155,20,0,0.024279615795090716,0.024150743099787687,0.012887269530302906
kol,156,15,0,0.0242472688515854,0.024150743099787687,0.009652575179771097
kol,158,15,1,0.023980815347721823,0.024150743099787687,-0.016992775206586472
kol,159,15,0,0.0242472688515854,0.024150743099787687,0.009652575179771097
kol,160,10,0,0.024215007982969664,0.024150743099787687,0.0064264883181976845
kol,161,8,1,0.023936170212765957,0.024150743099787687,-0.021457288702173005
kol,162,10,1,0.023948908994145823,0.024150743099787687,-0.020183410564186474
kol,163,3,0,0.024169986719787515,0.024150743099787687,0.0019243619999827904
kol,164,7,1,0.023929805902685456,0.024150743099787687,-0.022093719710223128
kol,165,4,0,0.024176408076514347,0.024150743099787687,0.0025664976726659516
kol,166,6,0,0.024189261031366295,0.024150743099787687,0.0038517931578607723
kol,167,8,0,0.02420212765957447,0.024150743099787687,0.005138455978678097
kol,168,2,0,0.024163568773234202,0.024150743099787687,0.0012825673446514863
kol,169,13,1,0.023968042609853527,0.024150743099787687,-0.018270048993416013
kol,170,3,0,0.024169986719787515,0.024150743099787687,0.0019243619999827904
kol,171,20,0,0.024279615795090716,0.024150743099787687,0.012887269530302906
kol,172,12,0,0.02422790202342918,0.024150743099787687,0.007715892364149393
kol,173,16,0,0.024253731343283583,0.024150743099787687,0.010298824349589536
kol,174,20,0,0.024279615795090716,0.024150743099787687,0.012887269530302906
kol,175,9,0,0.024208566108007448,0.024150743099787687,0.005782300821976019
kol,176,18,0,0.024266666666666666,0.024150743099787687,0.01159235668789782
kol,177,17,0,0.02426019728072514,0.024150743099787687,0.010945418093745093
kol,178,14,1,0.02397442727757059,0.024150743099787687,-0.01763158222170963
kol,179,20,0,0.024279615795090716,0.024150743099787687,0.012887269530302906
kol,180,20,0,0.024279615795090716,0.024150743099787687,0.012887269530302906
kol,181,20,2,0.023745997865528282,0.024150743099787687,-0.0404745234259405
kol,182,11,0,0.02422145328719723,0.024150743099787687,0.007071018740954435
kol,183,12,0,0.02422790202342918,0.024150743099787687,0.007715892364149393
kol,184,14,0,0.02424080980287693,0.024150743099787687,0.009006670308924283
kol,185,15,0,0.0242472688515854,0.024150743099787687,0.009652575179771097
kol,186,18,0,0.024266666666666666,0.024150743099787687,0.01159235668789782
kol,187,20,0,0.024279615795090716,0.024150743099787687,0.012887269530302906
kol,188,20,0,0.024279615795090716,0.024150743099787687,0.012887269530302906
kol,189,7,0,0.024195692634937517,0.024150743099787687,0.004494953514982969
kol,190,2,0,0.024163568773234202,0.024150743099787687,0.0012825673446514863
kol,191,20,0,0.024279615795090716,0.024150743099787687,0.012887269530302906
kol,192,20,0,0.024279615795090716,0.024150743099787687,0.012887269530302906
kol,193,20,0,0.024279615795090716,0.024150743099787687,0.012887269530302906
kol,194,4,0,0.024176408076514347,0.024150743099787687,0.0025664976726659516
kol,195,20,0,0.024279615795090716,0.024150743099787687,0.012887269530302906
kol,196,17,1,0.023993601706211676,0.024150743099787687,-0.01571413935760116
kol,197,14,1,0.02397442727757059,0.024150743099787687,-0.01763158222170963
kol,198,5,0,0.024182832846133404,0.024150743099787687,0.00320897463457169
kol,199,7,0,0.024195692634937517,0.024150743099787687,0.004494953514982969
kol,200,16,0,0.024253731343283583,0.024150743099787687,0.010298824349589536
kol,201,2,0,0.024163568773234202,0.024150743099787687,0.0012825673446514863
kol,202,9,0,0.024208566108007448,0.024150743099787687,0.005782300821976019
kol,203,4,0,0.024176408076514347,0.024150743099787687,0.0025664976726659516
kol,204,1,0,0.024157154234138573,0.024150743099787687,6.411134350885889e-4
kol,205,20,2,0.023745997865528282,0.024150743099787687,-0.0404745234259405
kol,206,12,1,0.023961661341853034,0.024150743099787687,-0.01890817579346532
kol,207,16,0,0.024253731343283583,0.024150743099787687,0.010298824349589536
kol,208,20,0,0.024279615795090716,0.024150743099787687,0.012887269530302906
kol,209,16,0,0.024253731343283583,0.024150743099787687,0.010298824349589536
kol,210,16,0,0.024253731343283583,0.024150743099787687,0.010298824349589536
kol,211,6,0,0.024189261031366295,0.024150743099787687,0.0038517931578607723
kol,212,10,0,0.024215007982969664,0.024150743099787687,0.0064264883181976845
kol,213,20,1,0.0240128068303095,0.024150743099787687,-0.013793626947818799
kol,214,4,0,0.024176408076514347,0.024150743099787687,0.0025664976726659516
kol,215,11,0,0.02422145328719723,0.024150743099787687,0.007071018740954435
kol,216,2,0,0.024163568773234202,0.024150743099787687,0.0012825673446514863
kol,218,15,0,0.0242472688515854,0.024150743099787687,0.009652575179771097
kol,219,8,0,0.02420212765957447,0.024150743099787687,0.005138455978678097
kol,221,3,0,0.024169986719787515,0.024150743099787687,0.0019243619999827904
kol,222,5,0,0.024182832846133404,0.024150743099787687,0.00320897463457169
kol,223,20,0,0.024279615795090716,0.024150743099787687,0.012887269530302906
kol,224,2,0,0.024163568773234202,0.024150743099787687,0.0012825673446514863
kol,225,18,1,0.024,0.024150743099787687,-0.015074309978768685
kol,226,10,0,0.024215007982969664,0.024150743099787687,0.0064264883181976845
kol,227,1,0,0.024157154234138573,0.024150743099787687,6.411134350885889e-4
kol,228,18,0,0.024266666666666666,0.024150743099787687,0.01159235668789782
kol,229,7,0,0.024195692634937517,0.024150743099787687,0.004494953514982969
kol,230,8,0,0.02420212765957447,0.024150743099787687,0.005138455978678097
kol,231,11,0,0.02422145328719723,0.024150743099787687,0.007071018740954435
kol,232,17,0,0.02426019728072514,0.024150743099787687,0.010945418093745093
kol,233,20,2,0.023745997865528282,0.024150743099787687,-0.0404745234259405
kol,234,14,0,0.02424080980287693,0.024150743099787687,0.009006670308924283
kol,235,7,0,0.024195692634937517,0.024150743099787687,0.004494953514982969
kol,236,4,0,0.024176408076514347,0.024150743099787687,0.0025664976726659516
kol,237,15,2,0.023714361843858247,0.024150743099787687,-0.04363812559294404
kol,239,11,1,0.023955283470854405,0.024150743099787687,-0.019545962893328245
kol,241,11,1,0.023955283470854405,0.024150743099787687,-0.019545962893328245
kol,243,5,0,0.024182832846133404,0.024150743099787687,0.00320897463457169
kol,244,8,0,0.02420212765957447,0.024150743099787687,0.005138455978678097
kol,245,11,0,0.02422145328719723,0.024150743099787687,0.007071018740954435
kol,246,8,1,0.023936170212765957,0.024150743099787687,-0.021457288702173005
kol,247,3,0,0.024169986719787515,0.024150743099787687,0.0019243619999827904
kol,248,20,2,0.023745997865528282,0.024150743099787687,-0.0404745234259405
kol,249,1,0,0.024157154234138573,0.024150743099787687,6.411134350885889e-4
kol,250,9,0,0.024208566108007448,0.024150743099787687,0.005782300821976019
kol,251,1,0,0.024157154234138573,0.024150743099787687,6.411134350885889e-4
kol,253,3,0,0.024169986719787515,0.024150743099787687,0.0019243619999827904
kol,254,18,1,0.024,0.024150743099787687,-0.015074309978768685
kol,256,11,0,0.02422145328719723,0.024150743099787687,0.007071018740954435
kol,257,20,0,0.024279615795090716,0.024150743099787687,0.012887269530302906
kol,258,5,0,0.024182832846133404,0.024150743099787687,0.00320897463457169
kol,260,6,0,0.024189261031366295,0.024150743099787687,0.0038517931578607723
kol,261,3,0,0.024169986719787515,0.024150743099787687,0.0019243619999827904
kol,265,3,0,0.024169986719787515,0.024150743099787687,0.0019243619999827904
kol,266,2,0,0.024163568773234202,0.024150743099787687,0.0012825673446514863
kol,268,4,0,0.024176408076514347,0.024150743099787687,0.0025664976726659516
kol,270,3,0,0.024169986719787515,0.024150743099787687,0.0019243619999827904
kol,271,4,0,0.024176408076514347,0.024150743099787687,0.0025664976726659516
kol,273,3,0,0.024169986719787515,0.024150743099787687,0.0019243619999827904
kol,274,1,0,0.024157154234138573,0.024150743099787687,6.411134350885889e-4
kol,275,1,0,0.024157154234138573,0.024150743099787687,6.411134350885889e-4
kol,276,7,0,0.024195692634937517,0.024150743099787687,0.004494953514982969
kol,277,2,0,0.024163568773234202,0.024150743099787687,0.0012825673446514863
kol,278,3,0,0.024169986719787515,0.024150743099787687,0.0019243619999827904
kol,279,6,0,0.024189261031366295,0.024150743099787687,0.0038517931578607723
kol,281,20,0,0.024279615795090716,0.024150743099787687,0.012887269530302906
kol,282,7,0,0.024195692634937517,0.024150743099787687,0.004494953514982969
kol,283,12,0,0.02422790202342918,0.024150743099787687,0.007715892364149393
kol,284,12,0,0.02422790202342918,0.024150743099787687,0.007715892364149393
kol,285,16,0,0.024253731343283583,0.024150743099787687,0.010298824349589536
kol,286,9,0,0.024208566108007448,0.024150743099787687,0.005782300821976019
kol,287,7,0,0.024195692634937517,0.024150743099787687,0.004494953514982969
kol,289,8,1,0.023936170212765957,0.024150743099787687,-0.021457288702173005
kol,291,1,1,0.02389169100079639,0.024150743099787687,-0.0259052098991297
kol,292,9,0,0.024208566108007448,0.024150743099787687,0.005782300821976019
kol,293,20,0,0.024279615795090716,0.024150743099787687,0.012887269530302906
kol,294,10,0,0.024215007982969664,0.024150743099787687,0.0064264883181976845
kol,296,2,0,0.024163568773234202,0.024150743099787687,0.0012825673446514863
kol,297,2,0,0.024163568773234202,0.024150743099787687,0.0012825673446514863
kol,298,1,0,0.024157154234138573,0.024150743099787687,6.411134350885889e-4
kol,301,14,1,0.02397442727757059,0.024150743099787687,-0.01763158222170963
kol,302,1,0,0.024157154234138573,0.024150743099787687,6.411134350885889e-4
kol,303,1,0,0.024157154234138573,0.024150743099787687,6.411134350885889e-4
kol,304,4,0,0.024176408076514347,0.024150743099787687,0.0025664976726659516
kol,305,20,1,0.0240128068303095,0.024150743099787687,-0.013793626947818799
kol,306,8,0,0.02420212765957447,0.024150743099787687,0.005138455978678097
kol,307,18,1,0.024,0.024150743099787687,-0.015074309978768685
kol,309,4,0,0.024176408076514347,0.024150743099787687,0.0025664976726659516
kol,310,8,1,0.023936170212765957,0.024150743099787687,-0.021457288702173005
kol,311,19,0,0.024273139503867697,0.024150743099787687,0.012239640408000935
kol,312,10,0,0.024215007982969664,0.024150743099787687,0.0064264883181976845
kol,313,6,0,0.024189261031366295,0.024150743099787687,0.0038517931578607723
kol,314,1,0,0.024157154234138573,0.024150743099787687,6.411134350885889e-4
kol,315,7,0,0.024195692634937517,0.024150743099787687,0.004494953514982969
kol,316,13,0,0.024234354194407455,0.024150743099787687,0.008361109461976768
kol,317,2,0,0.024163568773234202,0.024150743099787687,0.0012825673446514863
kol,318,5,0,0.024182832846133404,0.024150743099787687,0.00320897463457169
kol,319,3,0,0.024169986719787515,0.024150743099787687,0.0019243619999827904
kol,320,3,1,0.02390438247011952,0.024150743099787687,-0.024636062966816585
kol,321,1,0,0.024157154234138573,0.024150743099787687,6.411134350885889e-4
kol,322,20,0,0.024279615795090716,0.024150743099787687,0.012887269530302906
kol,323,1,0,0.024157154234138573,0.024150743099787687,6.411134350885889e-4
kol,325,9,0,0.024208566108007448,0.024150743099787687,0.005782300821976019
kol,326,10,0,0.024215007982969664,0.024150743099787687,0.0064264883181976845
kol,327,12,0,0.02422790202342918,0.024150743099787687,0.007715892364149393
kol,329,12,1,0.023961661341853034,0.024150743099787687,-0.01890817579346532
kol,330,19,0,0.024273139503867697,0.024150743099787687,0.012239640408000935
kol,331,10,0,0.024215007982969664,0.024150743099787687,0.0064264883181976845
kol,332,18,0,0.024266666666666666,0.024150743099787687,0.01159235668789782
kol,333,7,0,0.024195692634937517,0.024150743099787687,0.004494953514982969
kol,334,2,0,0.024163568773234202,0.024150743099787687,0.0012825673446514863
kol,335,20,0,0.024279615795090716,0.024150743099787687,0.012887269530302906
kol,336,20,0,0.024279615795090716,0.024150743099787687,0.012887269530302906
kol,337,20,0,0.024279615795090716,0.024150743099787687,0.012887269530302906
kol,338,3,0,0.024169986719787515,0.024150743099787687,0.0019243619999827904
kol,340,3,0,0.024169986719787515,0.024150743099787687,0.0019243619999827904
kol,343,1,0,0.024157154234138573,0.024150743099787687,6.411134350885889e-4
kol,345,11,0,0.02422145328719723,0.024150743099787687,0.007071018740954435
kol,346,1,0,0.024157154234138573,0.024150743099787687,6.411134350885889e-4
kol,347,5,0,0.024182832846133404,0.024150743099787687,0.00320897463457169
kol,348,2,0,0.024163568773234202,0.024150743099787687,0.0012825673446514863
kol,349,12,0,0.02422790202342918,0.024150743099787687,0.007715892364149393
kol,350,1,0,0.024157154234138573,0.024150743099787687,6.411134350885889e-4
kol,351,1,0,0.024157154234138573,0.024150743099787687,6.411134350885889e-4
kol,353,5,0,0.024182832846133404,0.024150743099787687,0.00320897463457169
kol,354,4,0,0.024176408076514347,0.024150743099787687,0.0025664976726659516
kol,355,18,0,0.024266666666666666,0.024150743099787687,0.01159235668789782
kol,358,2,0,0.024163568773234202,0.024150743099787687,0.0012825673446514863
kol,359,1,0,0.024157154234138573,0.024150743099787687,6.411134350885889e-4
kol,360,2,0,0.024163568773234202,0.024150743099787687,0.0012825673446514863
kol,361,3,0,0.024169986719787515,0.024150743099787687,0.0019243619999827904
kol,362,2,0,0.024163568773234202,0.024150743099787687,0.0012825673446514863
kol,363,10,0,0.024215007982969664,0.024150743099787687,0.0064264883181976845
kol,364,11,0,0.02422145328719723,0.024150743099787687,0.007071018740954435
kol,365,1,0,0.024157154234138573,0.024150743099787687,6.411134350885889e-4
kol,366,5,1,0.02391708743024183,0.024150743099787687,-0.0233655669545859
kol,369,1,0,0.024157154234138573,0.024150743099787687,6.411134350885889e-4
kol,370,1,0,0.024157154234138573,0.024150743099787687,6.411134350885889e-4
kol,371,6,0,0.024189261031366295,0.024150743099787687,0.0038517931578607723
kol,372,15,0,0.0242472688515854,0.024150743099787687,0.009652575179771097
kol,373,10,0,0.024215007982969664,0.024150743099787687,0.0064264883181976845
kol,374,15,1,0.023980815347721823,0.024150743099787687,-0.016992775206586472
kol,375,14,0,0.02424080980287693,0.024150743099787687,0.009006670308924283
kol,376,14,0,0.02424080980287693,0.024150743099787687,0.009006670308924283
kol,377,4,0,0.024176408076514347,0.024150743099787687,0.0025664976726659516
kol,378,20,1,0.0240128068303095,0.024150743099787687,-0.013793626947818799
kol,379,1,0,0.024157154234138573,0.024150743099787687,6.411134350885889e-4
kol,380,7,0,0.024195692634937517,0.024150743099787687,0.004494953514982969
kol,381,20,0,0.024279615795090716,0.024150743099787687,0.012887269530302906
kol,383,4,1,0.023910733262486716,0.024150743099787687,-0.024000983730097097
kol,384,2,0,0.024163568773234202,0.024150743099787687,0.0012825673446514863
kol,387,15,1,0.023980815347721823,0.024150743099787687,-0.016992775206586472
kol,389,5,0,0.024182832846133404,0.024150743099787687,0.00320897463457169
kol,391,4,0,0.024176408076514347,0.024150743099787687,0.0025664976726659516
kol,392,1,0,0.024157154234138573,0.024150743099787687,6.411134350885889e-4
kol,393,9,0,0.024208566108007448,0.024150743099787687,0.005782300821976019
kol,394,6,0,0.024189261031366295,0.024150743099787687,0.0038517931578607723
kol,396,8,1,0.023936170212765957,0.024150743099787687,-0.021457288702173005
kol,398,3,0,0.024169986719787515,0.024150743099787687,0.0019243619999827904
kol,399,2,0,0.024163568773234202,0.024150743099787687,0.0012825673446514863
lko,0,17,1,0.0544069640914037,0.05444743935309973,-0.004047526169603105
lko,1,1,0,0.05447680690399137,0.05444743935309973,0.0029367550891640226
lko,3,12,0,0.05480195333695062,0.05444743935309973,0.03545139838508904
lko,5,4,0,0.05456509994597515,0.05444743935309973,0.011766059287542097
lko,6,2,1,0.053966540744738264,0.05444743935309973,-0.04808986083614658
lko,7,1,0,0.05447680690399137,0.05444743935309973,0.0029367550891640226
lko,9,1,0,0.05447680690399137,0.05444743935309973,0.0029367550891640226
lko,10,13,0,0.054831704668838216,0.05444743935309973,0.038426531573848566
lko,11,13,1,0.05428881650380022,0.05444743935309973,-0.01586228492995098
lko,13,3,0,0.05453563714902808,0.05444743935309973,0.00881977959283492
lko,14,9,1,0.05417118093174431,0.05444743935309973,-0.02762584213554173
lko,15,20,0,0.055040871934604906,0.05444743935309973,0.059343258150517525
lko,16,1,0,0.05447680690399137,0.05444743935309973,0.0029367550891640226
lko,17,10,0,0.054742547425474256,0.05444743935309973,0.02951080723745253
lko,18,16,0,0.05492115280043502,0.05444743935309973,0.04737134473352875
lko,19,2,0,0.05450620615218565,0.05444743935309973,0.005876679908591725
lko,20,8,0,0.05468327016783974,0.05444743935309973,0.023583081474001094
lko,21,1,0,0.05447680690399137,0.05444743935309973,0.0029367550891640226
lko,22,1,0,0.05447680690399137,0.05444743935309973,0.0029367550891640226
lko,23,4,0,0.05456509994597515,0.05444743935309973,0.011766059287542097
lko,25,13,1,0.05428881650380022,0.05444743935309973,-0.01586228492995098
lko,26,1,0,0.05447680690399137,0.05444743935309973,0.0029367550891640226
lko,27,1,0,0.05447680690399137,0.05444743935309973,0.0029367550891640226
lko,29,3,0,0.05453563714902808,0.05444743935309973,0.00881977959283492
lko,30,2,0,0.05450620615218565,0.05444743935309973,0.005876679908591725
lko,32,19,1,0.054466230936819175,0.05444743935309973,0.0018791583719444949
lko,33,2,0,0.05450620615218565,0.05444743935309973,0.005876679908591725
lko,34,8,0,0.05468327016783974,0.05444743935309973,0.023583081474001094
lko,35,20,1,0.05449591280653951,0.05444743935309973,0.004847345343977905
lko,36,1,0,0.05447680690399137,0.05444743935309973,0.0029367550891640226
lko,37,20,0,0.055040871934604906,0.05444743935309973,0.059343258150517525
lko,38,3,0,0.05453563714902808,0.05444743935309973,0.00881977959283492
lko,40,8,1,0.05414185165132648,0.05444743935309973,-0.03055877017732536
lko,41,18,0,0.054980947196516056,0.05444743935309973,0.05335078434163254
lko,42,20,0,0.055040871934604906,0.05444743935309973,0.059343258150517525
lko,43,5,0,0.05459459459459459,0.05444743935309973,0.014715524149486181
lko,44,20,2,0.05395095367847411,0.05444743935309973,-0.049648567462561716
lko,45,4,0,0.05456509994597515,0.05444743935309973,0.011766059287542097
lko,46,20,2,0.05395095367847411,0.05444743935309973,-0.049648567462561716
lko,47,12,1,0.05425935973955507,0.05444743935309973,-0.018807961354466024
lko,48,20,1,0.05449591280653951,0.05444743935309973,0.004847345343977905
lko,49,9,0,0.05471289274106175,0.05444743935309973,0.026545338796202245
lko,50,2,0,0.05450620615218565,0.05444743935309973,0.005876679908591725
lko,51,5,1,0.05405405405405406,0.05444743935309973,-0.03933852990456732
lko,52,20,0,0.055040871934604906,0.05444743935309973,0.059343258150517525
lko,53,18,0,0.054980947196516056,0.05444743935309973,0.05335078434163254
lko,54,10,1,0.05420054200542006,0.05444743935309973,-0.024689734767967264
lko,55,17,0,0.05495103373231774,0.05444743935309973,0.050359437921800726
lko,56,12,2,0.05371676614215952,0.05444743935309973,-0.07306732109402109
lko,57,2,0,0.05450620615218565,0.05444743935309973,0.005876679908591725
lko,59,2,0,0.05450620615218565,0.05444743935309973,0.005876679908591725
lko,60,8,0,0.05468327016783974,0.05444743935309973,0.023583081474001094
lko,61,5,0,0.05459459459459459,0.05444743935309973,0.014715524149486181
lko,62,12,1,0.05425935973955507,0.05444743935309973,-0.018807961354466024
lko,63,15,0,0.05489130434782609,0.05444743935309973,0.0443864994726359
lko,64,17,0,0.05495103373231774,0.05444743935309973,0.050359437921800726
lko,65,19,1,0.054466230936819175,0.05444743935309973,0.0018791583719444949
lko,66,8,0,0.05468327016783974,0.05444743935309973,0.023583081474001094
lko,67,4,0,0.05456509994597515,0.05444743935309973,0.011766059287542097
lko,68,1,0,0.05447680690399137,0.05444743935309973,0.0029367550891640226
lko,69,18,1,0.05443658138268917,0.05444743935309973,-0.001085797041056047
lko,70,11,0,0.05477223427331887,0.05444743935309973,0.032479492021914025
lko,71,20,0,0.055040871934604906,0.05444743935309973,0.059343258150517525
lko,72,20,1,0.05449591280653951,0.05444743935309973,0.004847345343977905
lko,73,10,2,0.05365853658536585,0.05444743935309973,-0.07889027677338775
lko,74,13,4,0.05266015200868621,0.05444743935309973,-0.1787287344413517
lko,75,10,1,0.05420054200542006,0.05444743935309973,-0.024689734767967264
lko,76,10,0,0.054742547425474256,0.05444743935309973,0.02951080723745253
lko,77,4,0,0.05456509994597515,0.05444743935309973,0.011766059287542097
lko,78,9,1,0.05417118093174431,0.05444743935309973,-0.02762584213554173
lko,79,2,0,0.05450620615218565,0.05444743935309973,0.005876679908591725
lko,80,4,2,0.05348460291734198,0.05444743935309973,-0.0962836435757751
lko,81,7,2,0.05357142857142857,0.05444743935309973,-0.08760107816711618
lko,82,20,2,0.05395095367847411,0.05444743935309973,-0.049648567462561716
lko,83,20,2,0.05395095367847411,0.05444743935309973,-0.049648567462561716
lko,84,20,0,0.055040871934604906,0.05444743935309973,0.059343258150517525
lko,85,20,1,0.05449591280653951,0.05444743935309973,0.004847345343977905
lko,86,20,1,0.05449591280653951,0.05444743935309973,0.004847345343977905
lko,87,20,0,0.055040871934604906,0.05444743935309973,0.059343258150517525
lko,88,8,2,0.05360043313481321,0.05444743935309973,-0.08470062182865182
lko,89,11,0,0.05477223427331887,0.05444743935309973,0.032479492021914025
lko,90,20,1,0.05449591280653951,0.05444743935309973,0.004847345343977905
lko,91,1,0,0.05447680690399137,0.05444743935309973,0.0029367550891640226
lko,92,1,0,0.05447680690399137,0.05444743935309973,0.0029367550891640226
lko,93,1,0,0.05447680690399137,0.05444743935309973,0.0029367550891640226
lko,101,6,0,0.05462412114656571,0.05444743935309973,0.01766817934659784
lko,105,8,3,0.05305901461829995,0.05444743935309973,-0.13884247347997827
lko,111,1,0,0.05447680690399137,0.05444743935309973,0.0029367550891640226
lko,116,1,0,0.05447680690399137,0.05444743935309973,0.0029367550891640226
lko,119,2,1,0.053966540744738264,0.05444743935309973,-0.04808986083614658
lko,132,8,0,0.05468327016783974,0.05444743935309973,0.023583081474001094
lko,133,20,1,0.05449591280653951,0.05444743935309973,0.004847345343977905
lko,135,15,1,0.05434782608695652,0.05444743935309973,-0.009961326614321003
lko,138,9,0,0.05471289274106175,0.05444743935309973,0.026545338796202245
lko,144,6,1,0.05408328826392644,0.05444743935309973,-0.03641510891732869
lko,145,4,0,0.05456509994597515,0.05444743935309973,0.011766059287542097
lko,146,1,0,0.05447680690399137,0.05444743935309973,0.0029367550891640226
lko,147,2,0,0.05450620615218565,0.05444743935309973,0.005876679908591725
lko,148,5,0,0.05459459459459459,0.05444743935309973,0.014715524149486181
lko,149,1,0,0.05447680690399137,0.05444743935309973,0.0029367550891640226
lko,150,8,1,0.05414185165132648,0.05444743935309973,-0.03055877017732536
lko,151,1,0,0.05447680690399137,0.05444743935309973,0.0029367550891640226
lko,152,8,2,0.05360043313481321,0.05444743935309973,-0.08470062182865182
lko,155,9,0,0.05471289274106175,0.05444743935309973,0.026545338796202245
lko,156,3,1,0.05399568034557235,0.05444743935309973,-0.04517590075273775
lko,157,8,1,0.05414185165132648,0.05444743935309973,-0.03055877017732536
lko,163,5,1,0.05405405405405406,0.05444743935309973,-0.03933852990456732
lko,164,9,0,0.05471289274106175,0.05444743935309973,0.026545338796202245
lko,165,4,0,0.05456509994597515,0.05444743935309973,0.011766059287542097
lko,167,15,0,0.05489130434782609,0.05444743935309973,0.0443864994726359
lko,168,20,1,0.05449591280653951,0.05444743935309973,0.004847345343977905
lko,169,15,0,0.05489130434782609,0.05444743935309973,0.0443864994726359
lko,170,20,1,0.05449591280653951,0.05444743935309973,0.004847345343977905
lko,171,12,1,0.05425935973955507,0.05444743935309973,-0.018807961354466024
lko,172,6,0,0.05462412114656571,0.05444743935309973,0.01766817934659784
lko,173,3,0,0.05453563714902808,0.05444743935309973,0.00881977959283492
lko,175,9,1,0.05417118093174431,0.05444743935309973,-0.02762584213554173
lko,176,2,0,0.05450620615218565,0.05444743935309973,0.005876679908591725
lko,177,14,1,0.054318305268875614,0.05444743935309973,-0.012913408422411676
lko,178,3,0,0.05453563714902808,0.05444743935309973,0.00881977959283492
lko,179,4,1,0.05402485143165856,0.05444743935309973,-0.04225879214411685
lko,180,5,1,0.05405405405405406,0.05444743935309973,-0.03933852990456732
lko,181,1,0,0.05447680690399137,0.05444743935309973,0.0029367550891640226
lko,182,16,0,0.05492115280043502,0.05444743935309973,0.04737134473352875
lko,183,5,0,0.05459459459459459,0.05444743935309973,0.014715524149486181
lko,184,4,0,0.05456509994597515,0.05444743935309973,0.011766059287542097
lko,185,15,2,0.05380434782608696,0.05444743935309973,-0.06430915270127721
lko,187,3,1,0.05399568034557235,0.05444743935309973,-0.04517590075273775
lko,188,1,0,0.05447680690399137,0.05444743935309973,0.0029367550891640226
lko,189,1,0,0.05447680690399137,0.05444743935309973,0.0029367550891640226
lko,193,1,0,0.05447680690399137,0.05444743935309973,0.0029367550891640226
lko,194,1,0,0.05447680690399137,0.05444743935309973,0.0029367550891640226
lko,195,2,0,0.05450620615218565,0.05444743935309973,0.005876679908591725
lko,196,2,1,0.053966540744738264,0.05444743935309973,-0.04808986083614658
lko,197,5,0,0.05459459459459459,0.05444743935309973,0.014715524149486181
lko,198,4,0,0.05456509994597515,0.05444743935309973,0.011766059287542097
lko,199,6,0,0.05462412114656571,0.05444743935309973,0.01766817934659784
lko,200,14,0,0.054861488321564365,0.05444743935309973,0.04140489684646351
lko,201,1,0,0.05447680690399137,0.05444743935309973,0.0029367550891640226
lko,202,9,0,0.05471289274106175,0.05444743935309973,0.026545338796202245
lko,203,3,0,0.05453563714902808,0.05444743935309973,0.00881977959283492
lko,204,19,4,0.0528322440087146,0.05444743935309973,-0.16151953443851313
lko,205,6,0,0.05462412114656571,0.05444743935309973,0.01766817934659784
lko,208,1,0,0.05447680690399137,0.05444743935309973,0.0029367550891640226
lko,209,5,0,0.05459459459459459,0.05444743935309973,0.014715524149486181
lko,210,9,0,0.05471289274106175,0.05444743935309973,0.026545338796202245
lko,211,5,0,0.05459459459459459,0.05444743935309973,0.014715524149486181
lko,212,2,0,0.05450620615218565,0.05444743935309973,0.005876679908591725
lko,213,2,0,0.05450620615218565,0.05444743935309973,0.005876679908591725
lko,214,15,0,0.05489130434782609,0.05444743935309973,0.0443864994726359
lko,215,5,0,0.05459459459459459,0.05444743935309973,0.014715524149486181
lko,216,3,2,0.05345572354211663,0.05444743935309973,-0.09917158109830973
lko,217,6,0,0.05462412114656571,0.05444743935309973,0.01766817934659784
lko,219,7,1,0.05411255411255411,0.05444743935309973,-0.03348852405456182
lko,220,19,1,0.054466230936819175,0.05444743935309973,0.0018791583719444949
lko,221,7,0,0.054653679653679656,0.05444743935309973,0.020624030057992543
lko,222,1,0,0.05447680690399137,0.05444743935309973,0.0029367550891640226
lko,223,7,2,0.05357142857142857,0.05444743935309973,-0.08760107816711618
lko,224,4,0,0.05456509994597515,0.05444743935309973,0.011766059287542097
lko,226,10,1,0.05420054200542006,0.05444743935309973,-0.024689734767967264
lko,227,9,0,0.05471289274106175,0.05444743935309973,0.026545338796202245
lko,228,4,2,0.05348460291734198,0.05444743935309973,-0.0962836435757751
lko,229,5,0,0.05459459459459459,0.05444743935309973,0.014715524149486181
lko,230,1,0,0.05447680690399137,0.05444743935309973,0.0029367550891640226
lko,232,9,0,0.05471289274106175,0.05444743935309973,0.026545338796202245
lko,233,8,0,0.05468327016783974,0.05444743935309973,0.023583081474001094
lko,234,7,0,0.054653679653679656,0.05444743935309973,0.020624030057992543
lko,235,1,0,0.05447680690399137,0.05444743935309973,0.0029367550891640226
lko,236,8,0,0.05468327016783974,0.05444743935309973,0.023583081474001094
lko,237,1,0,0.05447680690399137,0.05444743935309973,0.0029367550891640226
lko,240,8,0,0.05468327016783974,0.05444743935309973,0.023583081474001094
lko,241,16,1,0.054377379010331704,0.05444743935309973,-0.007006034276802603
lko,242,9,0,0.05471289274106175,0.05444743935309973,0.026545338796202245
lko,243,6,0,0.05462412114656571,0.05444743935309973,0.01766817934659784
lko,244,12,0,0.05480195333695062,0.05444743935309973,0.03545139838508904
lko,245,4,0,0.05456509994597515,0.05444743935309973,0.011766059287542097
lko,246,2,0,0.05450620615218565,0.05444743935309973,0.005876679908591725
lko,247,2,0,0.05450620615218565,0.05444743935309973,0.005876679908591725
lko,249,5,0,0.05459459459459459,0.05444743935309973,0.014715524149486181
lko,253,20,1,0.05449591280653951,0.05444743935309973,0.004847345343977905
lko,257,1,0,0.05447680690399137,0.05444743935309973,0.0029367550891640226
lko,262,5,0,0.05459459459459459,0.05444743935309973,0.014715524149486181
lko,264,2,1,0.053966540744738264,0.05444743935309973,-0.04808986083614658
lko,265,4,0,0.05456509994597515,0.05444743935309973,0.011766059287542097
lko,266,4,0,0.05456509994597515,0.05444743935309973,0.011766059287542097
lko,267,15,0,0.05489130434782609,0.05444743935309973,0.0443864994726359
lko,268,4,0,0.05456509994597515,0.05444743935309973,0.011766059287542097
lko,269,1,0,0.05447680690399137,0.05444743935309973,0.0029367550891640226
lko,270,3,0,0.05453563714902808,0.05444743935309973,0.00881977959283492
lko,274,15,0,0.05489130434782609,0.05444743935309973,0.0443864994726359
lko,275,4,0,0.05456509994597515,0.05444743935309973,0.011766059287542097
lko,276,10,3,0.053116531165311655,0.05444743935309973,-0.13309081877880755
lko,277,7,0,0.054653679653679656,0.05444743935309973,0.020624030057992543
lko,279,6,0,0.05462412114656571,0.05444743935309973,0.01766817934659784
lko,280,4,0,0.05456509994597515,0.05444743935309973,0.011766059287542097
lko,281,1,0,0.05447680690399137,0.05444743935309973,0.0029367550891640226
lko,282,2,1,0.053966540744738264,0.05444743935309973,-0.04808986083614658
lko,285,3,0,0.05453563714902808,0.05444743935309973,0.00881977959283492
lko,286,2,0,0.05450620615218565,0.05444743935309973,0.005876679908591725
lko,287,1,0,0.05447680690399137,0.05444743935309973,0.0029367550891640226
lko,288,6,1,0.05408328826392644,0.05444743935309973,-0.03641510891732869
lko,289,7,0,0.054653679653679656,0.05444743935309973,0.020624030057992543
lko,290,8,1,0.05414185165132648,0.05444743935309973,-0.03055877017732536
lko,291,8,0,0.05468327016783974,0.05444743935309973,0.023583081474001094
lko,292,1,0,0.05447680690399137,0.05444743935309973,0.0029367550891640226
lko,293,6,0,0.05462412114656571,0.05444743935309973,0.01766817934659784
lko,295,2,0,0.05450620615218565,0.05444743935309973,0.005876679908591725
lko,296,1,0,0.05447680690399137,0.05444743935309973,0.0029367550891640226
lko,297,4,0,0.05456509994597515,0.05444743935309973,0.011766059287542097
lko,298,1,0,0.05447680690399137,0.05444743935309973,0.0029367550891640226
lko,299,3,1,0.05399568034557235,0.05444743935309973,-0.04517590075273775
lko,300,5,1,0.05405405405405406,0.05444743935309973,-0.03933852990456732
lko,304,4,0,0.05456509994597515,0.05444743935309973,0.011766059287542097
lko,305,5,0,0.05459459459459459,0.05444743935309973,0.014715524149486181
lko,307,1,0,0.05447680690399137,0.05444743935309973,0.0029367550891640226
lko,308,2,0,0.05450620615218565,0.05444743935309973,0.005876679908591725
lko,309,3,0,0.05453563714902808,0.05444743935309973,0.00881977959283492
lko,311,2,0,0.05450620615218565,0.05444743935309973,0.005876679908591725
lko,312,20,1,0.05449591280653951,0.05444743935309973,0.004847345343977905
lko,313,8,0,0.05468327016783974,0.05444743935309973,0.023583081474001094
lko,315,1,0,0.05447680690399137,0.05444743935309973,0.0029367550891640226
lko,316,6,1,0.05408328826392644,0.05444743935309973,-0.03641510891732869
lko,319,1,0,0.05447680690399137,0.05444743935309973,0.0029367550891640226
lko,320,2,0,0.05450620615218565,0.05444743935309973,0.005876679908591725
lko,322,1,0,0.05447680690399137,0.05444743935309973,0.0029367550891640226
lko,323,1,0,0.05447680690399137,0.05444743935309973,0.0029367550891640226
lko,324,1,0,0.05447680690399137,0.05444743935309973,0.0029367550891640226
lko,326,6,0,0.05462412114656571,0.05444743935309973,0.01766817934659784
lko,330,1,0,0.05447680690399137,0.05444743935309973,0.0029367550891640226
lko,332,5,0,0.05459459459459459,0.05444743935309973,0.014715524149486181
lko,334,3,0,0.05453563714902808,0.05444743935309973,0.00881977959283492
lko,335,7,0,0.054653679653679656,0.05444743935309973,0.020624030057992543
lko,338,2,0,0.05450620615218565,0.05444743935309973,0.005876679908591725
lko,339,4,0,0.05456509994597515,0.05444743935309973,0.011766059287542097
lko,341,2,0,0.05450620615218565,0.05444743935309973,0.005876679908591725
lko,344,1,0,0.05447680690399137,0.05444743935309973,0.0029367550891640226
lko,347,9,0,0.05471289274106175,0.05444743935309973,0.026545338796202245
lko,348,1,1,0.05393743257820928,0.05444743935309973,-0.051000677489045076
lko,349,1,0,0.05447680690399137,0.05444743935309973,0.0029367550891640226
lko,352,1,0,0.05447680690399137,0.05444743935309973,0.0029367550891640226
lko,353,7,0,0.054653679653679656,0.05444743935309973,0.020624030057992543
lko,354,1,0,0.05447680690399137,0.05444743935309973,0.0029367550891640226
lko,357,18,0,0.054980947196516056,0.05444743935309973,0.05335078434163254
lko,360,1,0,0.05447680690399137,0.05444743935309973,0.0029367550891640226
lko,364,1,0,0.05447680690399137,0.05444743935309973,0.0029367550891640226
lko,366,2,0,0.05450620615218565,0.05444743935309973,0.005876679908591725
lko,367,7,1,0.05411255411255411,0.05444743935309973,-0.03348852405456182
lko,368,9,0,0.05471289274106175,0.05444743935309973,0.026545338796202245
lko,371,1,0,0.05447680690399137,0.05444743935309973,0.0029367550891640226
lko,372,3,0,0.05453563714902808,0.05444743935309973,0.00881977959283492
lko,374,8,1,0.05414185165132648,0.05444743935309973,-0.03055877017732536
lko,375,4,0,0.05456509994597515,0.05444743935309973,0.011766059287542097
lko,376,4,0,0.05456509994597515,0.05444743935309973,0.011766059287542097
lko,377,20,1,0.05449591280653951,0.05444743935309973,0.004847345343977905
lko,379,1,1,0.05393743257820928,0.05444743935309973,-0.051000677489045076
lko,380,2,0,0.05450620615218565,0.05444743935309973,0.005876679908591725
lko,381,9,0,0.05471289274106175,0.05444743935309973,0.026545338796202245
lko,384,1,1,0.05393743257820928,0.05444743935309973,-0.051000677489045076
lko,386,1,0,0.05447680690399137,0.05444743935309973,0.0029367550891640226
lko,387,1,0,0.05447680690399137,0.05444743935309973,0.0029367550891640226
lko,390,1,0,0.05447680690399137,0.05444743935309973,0.0029367550891640226
lko,392,1,1,0.05393743257820928,0.05444743935309973,-0.051000677489045076
lko,393,20,1,0.05449591280653951,0.05444743935309973,0.004847345343977905
lko,396,4,0,0.05456509994597515,0.05444743935309973,0.011766059287542097
maa2,0,20,0,0.03056943056943057,0.03044776119402985,0.012166937540071879
maa2,1,20,2,0.03016983016983017,0.03044776119402985,-0.027793102419968255
maa2,2,20,1,0.03036963036963037,0.03044776119402985,-0.007813082439948188
maa2,3,20,0,0.03056943056943057,0.03044776119402985,0.012166937540071879
maa2,4,20,1,0.03036963036963037,0.03044776119402985,-0.007813082439948188
maa2,5,20,0,0.03056943056943057,0.03044776119402985,0.012166937540071879
maa2,6,10,0,0.030508474576271188,0.03044776119402985,0.006071338224133624
maa2,7,20,2,0.03016983016983017,0.03044776119402985,-0.027793102419968255
maa2,8,13,1,0.030327214684756583,0.03044776119402985,-0.012054650927326854
maa2,9,20,0,0.03056943056943057,0.03044776119402985,0.012166937540071879
maa2,10,16,0,0.03054501896586145,0.03044776119402985,0.009725777183159853
maa2,11,20,2,0.03016983016983017,0.03044776119402985,-0.027793102419968255
maa2,12,20,1,0.03036963036963037,0.03044776119402985,-0.007813082439948188
maa2,13,20,0,0.03056943056943057,0.03044776119402985,0.012166937540071879
maa2,14,20,0,0.03056943056943057,0.03044776119402985,0.012166937540071879
maa2,15,20,0,0.03056943056943057,0.03044776119402985,0.012166937540071879
maa2,16,20,4,0.02977022977022977,0.03044776119402985,-0.06775314238000804
maa2,17,18,0,0.03055721989215099,0.03044776119402985,0.010945869812113707
maa2,18,20,0,0.03056943056943057,0.03044776119402985,0.012166937540071879
maa2,19,20,0,0.03056943056943057,0.03044776119402985,0.012166937540071879
maa2,20,20,0,0.03056943056943057,0.03044776119402985,0.012166937540071879
maa2,21,10,0,0.030508474576271188,0.03044776119402985,0.006071338224133624
maa2,22,20,1,0.03036963036963037,0.03044776119402985,-0.007813082439948188
maa2,23,20,0,0.03056943056943057,0.03044776119402985,0.012166937540071879
maa2,24,16,0,0.03054501896586145,0.03044776119402985,0.009725777183159853
maa2,25,20,0,0.03056943056943057,0.03044776119402985,0.012166937540071879
maa2,26,20,2,0.03016983016983017,0.03044776119402985,-0.027793102419968255
maa2,27,20,0,0.03056943056943057,0.03044776119402985,0.012166937540071879
maa2,28,20,2,0.03016983016983017,0.03044776119402985,-0.027793102419968255
maa2,29,20,0,0.03056943056943057,0.03044776119402985,0.012166937540071879
maa2,30,20,0,0.03056943056943057,0.03044776119402985,0.012166937540071879
maa2,31,20,1,0.03036963036963037,0.03044776119402985,-0.007813082439948188
maa2,32,20,1,0.03036963036963037,0.03044776119402985,-0.007813082439948188
maa2,33,17,0,0.03055111821086262,0.03044776119402985,0.010335701683276965
maa2,34,16,0,0.03054501896586145,0.03044776119402985,0.009725777183159853
maa2,35,5,0,0.03047808764940239,0.03044776119402985,0.0030326455372538946
maa2,36,20,1,0.03036963036963037,0.03044776119402985,-0.007813082439948188
maa2,37,15,0,0.03053892215568862,0.03044776119402985,0.009116096165876983
maa2,38,5,0,0.03047808764940239,0.03044776119402985,0.0030326455372538946
maa2,39,12,0,0.03052064631956912,0.03044776119402985,0.007288512553926818
maa2,40,5,0,0.03047808764940239,0.03044776119402985,0.0030326455372538946
maa2,41,15,1,0.03033932135728543,0.03044776119402985,-0.010843983674442212
maa2,42,20,1,0.03036963036963037,0.03044776119402985,-0.007813082439948188
maa2,43,3,0,0.03046594982078853,0.03044776119402985,0.0018188626758678522
maa2,44,20,0,0.03056943056943057,0.03044776119402985,0.012166937540071879
maa2,45,1,0,0.030453821656050956,0.03044776119402985,6.060462021104107e-4
maa2,46,20,2,0.03016983016983017,0.03044776119402985,-0.027793102419968255
maa2,47,20,0,0.03056943056943057,0.03044776119402985,0.012166937540071879
maa2,48,13,1,0.030327214684756583,0.03044776119402985,-0.012054650927326854
maa2,49,5,0,0.03047808764940239,0.03044776119402985,0.0030326455372538946
maa2,50,14,0,0.03053282777888645,0.03044776119402985,0.008506658485659888
maa2,51,15,2,0.030139720558882234,0.03044776119402985,-0.030804063514761754
maa2,52,9,1,0.030303030303030304,0.03044776119402985,-0.014473089099954761
maa2,53,7,0,0.03049023515344759,0.03044776119402985,0.004247395941773743
maa2,54,17,0,0.03055111821086262,0.03044776119402985,0.010335701683276965
maa2,55,7,1,0.03029095257074532,0.03044776119402985,-0.015680862328453296
maa2,56,20,1,0.03036963036963037,0.03044776119402985,-0.007813082439948188
maa2,57,19,0,0.030563324011186575,0.03044776119402985,0.011556281715672384
maa2,58,2,0,0.03045988453115668,0.03044776119402985,0.0012123337126829226
maa2,59,5,0,0.03047808764940239,0.03044776119402985,0.0030326455372538946
maa2,60,20,0,0.03056943056943057,0.03044776119402985,0.012166937540071879
maa2,61,10,0,0.030508474576271188,0.03044776119402985,0.006071338224133624
maa2,62,20,1,0.03036963036963037,0.03044776119402985,-0.007813082439948188
maa2,63,6,0,0.030484160191273164,0.03044776119402985,0.003639899724331222
maa2,64,1,0,0.030453821656050956,0.03044776119402985,6.060462021104107e-4
maa2,65,15,0,0.03053892215568862,0.03044776119402985,0.009116096165876983
maa2,66,10,0,0.030508474576271188,0.03044776119402985,0.006071338224133624
maa2,67,20,0,0.03056943056943057,0.03044776119402985,0.012166937540071879
maa2,68,9,0,0.030502392344497607,0.03044776119402985,0.005463115046775574
maa2,69,5,0,0.03047808764940239,0.03044776119402985,0.0030326455372538946
maa2,70,15,0,0.03053892215568862,0.03044776119402985,0.009116096165876983
maa2,71,18,2,0.030157779109247055,0.03044776119402985,-0.02899820847827965
maa2,72,20,1,0.03036963036963037,0.03044776119402985,-0.007813082439948188
maa2,73,12,0,0.03052064631956912,0.03044776119402985,0.007288512553926818
maa2,74,20,1,0.03036963036963037,0.03044776119402985,-0.007813082439948188
maa2,75,20,0,0.03056943056943057,0.03044776119402985,0.012166937540071879
maa2,76,20,1,0.03036963036963037,0.03044776119402985,-0.007813082439948188
maa2,77,17,0,0.03055111821086262,0.03044776119402985,0.010335701683276965
maa2,78,15,0,0.03053892215568862,0.03044776119402985,0.009116096165876983
maa2,79,13,1,0.030327214684756583,0.03044776119402985,-0.012054650927326854
maa2,80,9,0,0.030502392344497607,0.03044776119402985,0.005463115046775574
maa2,81,18,1,0.03035749950069902,0.03044776119402985,-0.009026169333083145
maa2,82,4,0,0.030472017526389165,0.03044776119402985,0.002425633235931396
maa2,83,5,0,0.03047808764940239,0.03044776119402985,0.0030326455372538946
maa2,84,16,0,0.03054501896586145,0.03044776119402985,0.009725777183159853
maa2,85,4,0,0.030472017526389165,0.03044776119402985,0.002425633235931396
maa2,86,19,0,0.030563324011186575,0.03044776119402985,0.011556281715672384
maa2,87,20,1,0.03036963036963037,0.03044776119402985,-0.007813082439948188
maa2,88,12,0,0.03052064631956912,0.03044776119402985,0.007288512553926818
maa2,89,9,0,0.030502392344497607,0.03044776119402985,0.005463115046775574
maa2,90,20,0,0.03056943056943057,0.03044776119402985,0.012166937540071879
maa2,91,20,0,0.03056943056943057,0.03044776119402985,0.012166937540071879
maa2,92,19,1,0.030363563723531762,0.03044776119402985,-0.008419747049808954
maa2,93,20,2,0.03016983016983017,0.03044776119402985,-0.027793102419968255
maa2,94,9,0,0.030502392344497607,0.03044776119402985,0.005463115046775574
maa2,95,13,1,0.030327214684756583,0.03044776119402985,-0.012054650927326854
maa2,96,4,0,0.030472017526389165,0.03044776119402985,0.002425633235931396
maa2,97,20,0,0.03056943056943057,0.03044776119402985,0.012166937540071879
maa2,98,15,4,0.029740518962075847,0.03044776119402985,-0.07072422319540049
maa2,99,1,0,0.030453821656050956,0.03044776119402985,6.060462021104107e-4
maa2,100,15,0,0.03053892215568862,0.03044776119402985,0.009116096165876983
maa2,101,3,0,0.03046594982078853,0.03044776119402985,0.0018188626758678522
maa2,102,20,2,0.03016983016983017,0.03044776119402985,-0.027793102419968255
maa2,103,5,0,0.03047808764940239,0.03044776119402985,0.0030326455372538946
maa2,104,11,0,0.030514559234144395,0.03044776119402985,0.006679804011454349
maa2,105,10,0,0.030508474576271188,0.03044776119402985,0.006071338224133624
maa2,106,15,3,0.029940119760479042,0.03044776119402985,-0.05076414335508095
maa2,107,2,0,0.03045988453115668,0.03044776119402985,0.0012123337126829226
maa2,108,20,1,0.03036963036963037,0.03044776119402985,-0.007813082439948188
maa2,109,20,1,0.03036963036963037,0.03044776119402985,-0.007813082439948188
maa2,110,20,0,0.03056943056943057,0.03044776119402985,0.012166937540071879
maa2,111,8,0,0.030496312537372932,0.03044776119402985,0.0048551343343080505
maa2,112,12,0,0.03052064631956912,0.03044776119402985,0.007288512553926818
maa2,113,10,0,0.030508474576271188,0.03044776119402985,0.006071338224133624
maa2,114,20,0,0.03056943056943057,0.03044776119402985,0.012166937540071879
maa2,115,17,0,0.03055111821086262,0.03044776119402985,0.010335701683276965
maa2,116,14,0,0.03053282777888645,0.03044776119402985,0.008506658485659888
maa2,117,20,0,0.03056943056943057,0.03044776119402985,0.012166937540071879
maa2,118,8,0,0.030496312537372932,0.03044776119402985,0.0048551343343080505
maa2,119,7,0,0.03049023515344759,0.03044776119402985,0.004247395941773743
maa2,120,20,0,0.03056943056943057,0.03044776119402985,0.012166937540071879
maa2,121,1,0,0.030453821656050956,0.03044776119402985,6.060462021104107e-4
maa2,122,6,1,0.030284917314206017,0.03044776119402985,-0.016284387982383464
maa2,123,20,0,0.03056943056943057,0.03044776119402985,0.012166937540071879
maa2,125,3,0,0.03046594982078853,0.03044776119402985,0.0018188626758678522
maa2,126,20,2,0.03016983016983017,0.03044776119402985,-0.027793102419968255
maa2,127,20,1,0.03036963036963037,0.03044776119402985,-0.007813082439948188
maa2,128,20,0,0.03056943056943057,0.03044776119402985,0.012166937540071879
maa2,129,8,0,0.030496312537372932,0.03044776119402985,0.0048551343343080505
maa2,130,4,0,0.030472017526389165,0.03044776119402985,0.002425633235931396
maa2,131,3,0,0.03046594982078853,0.03044776119402985,0.0018188626758678522
maa2,132,20,0,0.03056943056943057,0.03044776119402985,0.012166937540071879
maa2,133,15,0,0.03053892215568862,0.03044776119402985,0.009116096165876983
maa2,134,17,0,0.03055111821086262,0.03044776119402985,0.010335701683276965
maa2,135,20,0,0.03056943056943057,0.03044776119402985,0.012166937540071879
maa2,136,17,0,0.03055111821086262,0.03044776119402985,0.010335701683276965
maa2,137,9,0,0.030502392344497607,0.03044776119402985,0.005463115046775574
maa2,138,7,0,0.03049023515344759,0.03044776119402985,0.004247395941773743
maa2,139,19,1,0.030363563723531762,0.03044776119402985,-0.008419747049808954
maa2,140,18,0,0.03055721989215099,0.03044776119402985,0.010945869812113707
maa2,141,3,0,0.03046594982078853,0.03044776119402985,0.0018188626758678522
maa2,143,20,2,0.03016983016983017,0.03044776119402985,-0.027793102419968255
maa2,144,20,0,0.03056943056943057,0.03044776119402985,0.012166937540071879
maa2,145,15,0,0.03053892215568862,0.03044776119402985,0.009116096165876983
maa2,146,19,0,0.030563324011186575,0.03044776119402985,0.011556281715672384
maa2,147,15,1,0.03033932135728543,0.03044776119402985,-0.010843983674442212
maa2,148,20,1,0.03036963036963037,0.03044776119402985,-0.007813082439948188
maa2,149,19,0,0.030563324011186575,0.03044776119402985,0.011556281715672384
maa2,150,16,0,0.03054501896586145,0.03044776119402985,0.009725777183159853
maa2,151,9,0,0.030502392344497607,0.03044776119402985,0.005463115046775574
maa2,152,20,2,0.03016983016983017,0.03044776119402985,-0.027793102419968255
maa2,153,2,0,0.03045988453115668,0.03044776119402985,0.0012123337126829226
maa2,154,4,0,0.030472017526389165,0.03044776119402985,0.002425633235931396
maa2,155,20,0,0.03056943056943057,0.03044776119402985,0.012166937540071879
maa2,156,20,0,0.03056943056943057,0.03044776119402985,0.012166937540071879
maa2,157,19,1,0.030363563723531762,0.03044776119402985,-0.008419747049808954
maa2,158,8,0,0.030496312537372932,0.03044776119402985,0.0048551343343080505
maa2,159,5,0,0.03047808764940239,0.03044776119402985,0.0030326455372538946
maa2,160,5,0,0.03047808764940239,0.03044776119402985,0.0030326455372538946
maa2,161,17,1,0.03035143769968051,0.03044776119402985,-0.009632349434934157
maa2,162,8,0,0.030496312537372932,0.03044776119402985,0.0048551343343080505
maa2,163,20,0,0.03056943056943057,0.03044776119402985,0.012166937540071879
maa2,164,19,2,0.03016380343587695,0.03044776119402985,-0.02839577581529029
maa2,165,16,0,0.03054501896586145,0.03044776119402985,0.009725777183159853
maa2,166,18,0,0.03055721989215099,0.03044776119402985,0.010945869812113707
maa2,167,19,0,0.030563324011186575,0.03044776119402985,0.011556281715672384
maa2,168,4,0,0.030472017526389165,0.03044776119402985,0.002425633235931396
maa2,169,16,1,0.030345378319025753,0.03044776119402985,-0.010238287500409851
maa2,170,18,0,0.03055721989215099,0.03044776119402985,0.010945869812113707
maa2,171,17,0,0.03055111821086262,0.03044776119402985,0.010335701683276965
maa2,172,20,0,0.03056943056943057,0.03044776119402985,0.012166937540071879
maa2,173,7,0,0.03049023515344759,0.03044776119402985,0.004247395941773743
maa2,174,20,0,0.03056943056943057,0.03044776119402985,0.012166937540071879
maa2,175,11,0,0.030514559234144395,0.03044776119402985,0.006679804011454349
maa2,176,14,2,0.0301337058471363,0.03044776119402985,-0.031405534689355266
maa2,178,12,0,0.03052064631956912,0.03044776119402985,0.007288512553926818
maa2,179,15,0,0.03053892215568862,0.03044776119402985,0.009116096165876983
maa2,180,11,1,0.030315117670522536,0.03044776119402985,-0.013264352350731562
maa2,181,20,3,0.029970029970029972,0.03044776119402985,-0.047773122399987974
maa2,182,7,0,0.03049023515344759,0.03044776119402985,0.004247395941773743
maa2,183,16,0,0.03054501896586145,0.03044776119402985,0.009725777183159853
maa2,184,2,0,0.03045988453115668,0.03044776119402985,0.0012123337126829226
maa2,185,20,0,0.03056943056943057,0.03044776119402985,0.012166937540071879
maa2,186,16,0,0.03054501896586145,0.03044776119402985,0.009725777183159853
maa2,187,19,0,0.030563324011186575,0.03044776119402985,0.011556281715672384
maa2,188,20,0,0.03056943056943057,0.03044776119402985,0.012166937540071879
maa2,189,12,0,0.03052064631956912,0.03044776119402985,0.007288512553926818
maa2,190,5,0,0.03047808764940239,0.03044776119402985,0.0030326455372538946
maa2,191,16,0,0.03054501896586145,0.03044776119402985,0.009725777183159853
maa2,192,7,0,0.03049023515344759,0.03044776119402985,0.004247395941773743
maa2,193,14,0,0.03053282777888645,0.03044776119402985,0.008506658485659888
maa2,194,20,2,0.03016983016983017,0.03044776119402985,-0.027793102419968255
maa2,196,20,1,0.03036963036963037,0.03044776119402985,-0.007813082439948188
maa2,197,20,2,0.03016983016983017,0.03044776119402985,-0.027793102419968255
maa2,198,7,2,0.030091669988043045,0.03044776119402985,-0.03560912059868068
maa2,199,20,0,0.03056943056943057,0.03044776119402985,0.012166937540071879
maa2,200,19,0,0.030563324011186575,0.03044776119402985,0.011556281715672384
maa2,202,12,0,0.03052064631956912,0.03044776119402985,0.007288512553926818
maa2,203,7,0,0.03049023515344759,0.03044776119402985,0.004247395941773743
maa2,204,10,0,0.030508474576271188,0.03044776119402985,0.006071338224133624
maa2,205,10,0,0.030508474576271188,0.03044776119402985,0.006071338224133624
maa2,206,20,3,0.029970029970029972,0.03044776119402985,-0.047773122399987974
maa2,207,20,0,0.03056943056943057,0.03044776119402985,0.012166937540071879
maa2,208,13,1,0.030327214684756583,0.03044776119402985,-0.012054650927326854
maa2,209,3,0,0.03046594982078853,0.03044776119402985,0.0018188626758678522
maa2,210,20,1,0.03036963036963037,0.03044776119402985,-0.007813082439948188
maa2,211,12,0,0.03052064631956912,0.03044776119402985,0.007288512553926818
maa2,212,6,0,0.030484160191273164,0.03044776119402985,0.003639899724331222
maa2,213,8,1,0.030296990233207095,0.03044776119402985,-0.015077096082275615
maa2,215,5,0,0.03047808764940239,0.03044776119402985,0.0030326455372538946
maa2,216,20,0,0.03056943056943057,0.03044776119402985,0.012166937540071879
maa2,217,20,0,0.03056943056943057,0.03044776119402985,0.012166937540071879
maa2,218,1,0,0.030453821656050956,0.03044776119402985,6.060462021104107e-4
maa2,219,20,0,0.03056943056943057,0.03044776119402985,0.012166937540071879
maa2,220,8,0,0.030496312537372932,0.03044776119402985,0.0048551343343080505
maa2,221,6,0,0.030484160191273164,0.03044776119402985,0.003639899724331222
maa2,222,20,1,0.03036963036963037,0.03044776119402985,-0.007813082439948188
maa2,223,5,0,0.03047808764940239,0.03044776119402985,0.0030326455372538946
maa2,224,7,0,0.03049023515344759,0.03044776119402985,0.004247395941773743
maa2,225,19,5,0.029564522572912505,0.03044776119402985,-0.08832386211173465
maa2,226,20,0,0.03056943056943057,0.03044776119402985,0.012166937540071879
maa2,227,9,1,0.030303030303030304,0.03044776119402985,-0.014473089099954761
maa2,228,20,1,0.03036963036963037,0.03044776119402985,-0.007813082439948188
maa2,229,20,0,0.03056943056943057,0.03044776119402985,0.012166937540071879
maa2,230,19,1,0.030363563723531762,0.03044776119402985,-0.008419747049808954
maa2,231,10,0,0.030508474576271188,0.03044776119402985,0.006071338224133624
maa2,232,10,0,0.030508474576271188,0.03044776119402985,0.006071338224133624
maa2,233,11,2,0.030115676106900677,0.03044776119402985,-0.03320850871291747
maa2,234,1,0,0.030453821656050956,0.03044776119402985,6.060462021104107e-4
maa2,235,16,0,0.03054501896586145,0.03044776119402985,0.009725777183159853
maa2,236,11,2,0.030115676106900677,0.03044776119402985,-0.03320850871291747
maa2,237,20,0,0.03056943056943057,0.03044776119402985,0.012166937540071879
maa2,238,15,1,0.03033932135728543,0.03044776119402985,-0.010843983674442212
maa2,239,9,0,0.030502392344497607,0.03044776119402985,0.005463115046775574
maa2,240,13,0,0.030526735833998404,0.03044776119402985,0.007897463996855286
maa2,241,20,0,0.03056943056943057,0.03044776119402985,0.012166937540071879
maa2,242,4,0,0.030472017526389165,0.03044776119402985,0.002425633235931396
maa2,243,1,0,0.030453821656050956,0.03044776119402985,6.060462021104107e-4
maa2,244,8,0,0.030496312537372932,0.03044776119402985,0.0048551343343080505
maa2,245,4,0,0.030472017526389165,0.03044776119402985,0.002425633235931396
maa2,246,1,0,0.030453821656050956,0.03044776119402985,6.060462021104107e-4
maa2,247,20,3,0.029970029970029972,0.03044776119402985,-0.047773122399987974
maa2,248,16,1,0.030345378319025753,0.03044776119402985,-0.010238287500409851
maa2,249,3,0,0.03046594982078853,0.03044776119402985,0.0018188626758678522
maa2,250,17,0,0.03055111821086262,0.03044776119402985,0.010335701683276965
maa2,251,12,0,0.03052064631956912,0.03044776119402985,0.007288512553926818
maa2,252,18,0,0.03055721989215099,0.03044776119402985,0.010945869812113707
maa2,253,18,0,0.03055721989215099,0.03044776119402985,0.010945869812113707
maa2,254,15,0,0.03053892215568862,0.03044776119402985,0.009116096165876983
maa2,255,5,0,0.03047808764940239,0.03044776119402985,0.0030326455372538946
maa2,257,2,0,0.03045988453115668,0.03044776119402985,0.0012123337126829226
maa2,258,4,0,0.030472017526389165,0.03044776119402985,0.002425633235931396
maa2,259,20,0,0.03056943056943057,0.03044776119402985,0.012166937540071879
maa2,260,5,0,0.03047808764940239,0.03044776119402985,0.0030326455372538946
maa2,261,2,0,0.03045988453115668,0.03044776119402985,0.0012123337126829226
maa2,262,12,0,0.03052064631956912,0.03044776119402985,0.007288512553926818
maa2,263,4,0,0.030472017526389165,0.03044776119402985,0.002425633235931396
maa2,264,1,0,0.030453821656050956,0.03044776119402985,6.060462021104107e-4
maa2,265,20,0,0.03056943056943057,0.03044776119402985,0.012166937540071879
maa2,266,20,2,0.03016983016983017,0.03044776119402985,-0.027793102419968255
maa2,267,20,2,0.03016983016983017,0.03044776119402985,-0.027793102419968255
maa2,268,20,1,0.03036963036963037,0.03044776119402985,-0.007813082439948188
maa2,269,2,0,0.03045988453115668,0.03044776119402985,0.0012123337126829226
maa2,270,1,0,0.030453821656050956,0.03044776119402985,6.060462021104107e-4
maa2,271,10,0,0.030508474576271188,0.03044776119402985,0.006071338224133624
maa2,272,20,0,0.03056943056943057,0.03044776119402985,0.012166937540071879
maa2,273,8,0,0.030496312537372932,0.03044776119402985,0.0048551343343080505
maa2,274,20,0,0.03056943056943057,0.03044776119402985,0.012166937540071879
maa2,275,20,1,0.03036963036963037,0.03044776119402985,-0.007813082439948188
maa2,276,17,0,0.03055111821086262,0.03044776119402985,0.010335701683276965
maa2,277,20,2,0.03016983016983017,0.03044776119402985,-0.027793102419968255
maa2,279,19,0,0.030563324011186575,0.03044776119402985,0.011556281715672384
maa2,280,20,0,0.03056943056943057,0.03044776119402985,0.012166937540071879
maa2,281,20,2,0.03016983016983017,0.03044776119402985,-0.027793102419968255
maa2,282,20,0,0.03056943056943057,0.03044776119402985,0.012166937540071879
maa2,283,20,0,0.03056943056943057,0.03044776119402985,0.012166937540071879
maa2,284,19,3,0.02996404314822213,0.03044776119402985,-0.048371804580771977
maa2,287,2,0,0.03045988453115668,0.03044776119402985,0.0012123337126829226
maa2,288,20,0,0.03056943056943057,0.03044776119402985,0.012166937540071879
maa2,289,20,0,0.03056943056943057,0.03044776119402985,0.012166937540071879
maa2,290,20,0,0.03056943056943057,0.03044776119402985,0.012166937540071879
maa2,291,8,0,0.030496312537372932,0.03044776119402985,0.0048551343343080505
maa2,292,16,0,0.03054501896586145,0.03044776119402985,0.009725777183159853
maa2,293,10,0,0.030508474576271188,0.03044776119402985,0.006071338224133624
maa2,294,10,0,0.030508474576271188,0.03044776119402985,0.006071338224133624
maa2,295,20,0,0.03056943056943057,0.03044776119402985,0.012166937540071879
maa2,296,14,0,0.03053282777888645,0.03044776119402985,0.008506658485659888
maa2,297,7,0,0.03049023515344759,0.03044776119402985,0.004247395941773743
maa2,298,11,0,0.030514559234144395,0.03044776119402985,0.006679804011454349
maa2,299,20,2,0.03016983016983017,0.03044776119402985,-0.027793102419968255
maa2,300,20,0,0.03056943056943057,0.03044776119402985,0.012166937540071879
maa2,301,9,0,0.030502392344497607,0.03044776119402985,0.005463115046775574
maa2,302,14,1,0.030333266813011375,0.03044776119402985,-0.01144943810184769
maa2,304,20,1,0.03036963036963037,0.03044776119402985,-0.007813082439948188
maa2,305,20,1,0.03036963036963037,0.03044776119402985,-0.007813082439948188
maa2,306,11,0,0.030514559234144395,0.03044776119402985,0.006679804011454349
maa2,307,1,0,0.030453821656050956,0.03044776119402985,6.060462021104107e-4
maa2,308,5,0,0.03047808764940239,0.03044776119402985,0.0030326455372538946
maa2,309,18,2,0.030157779109247055,0.03044776119402985,-0.02899820847827965
maa2,310,7,0,0.03049023515344759,0.03044776119402985,0.004247395941773743
maa2,311,9,0,0.030502392344497607,0.03044776119402985,0.005463115046775574
maa2,312,20,0,0.03056943056943057,0.03044776119402985,0.012166937540071879
maa2,313,8,0,0.030496312537372932,0.03044776119402985,0.0048551343343080505
maa2,315,19,1,0.030363563723531762,0.03044776119402985,-0.008419747049808954
maa2,316,2,0,0.03045988453115668,0.03044776119402985,0.0012123337126829226
maa2,317,17,0,0.03055111821086262,0.03044776119402985,0.010335701683276965
maa2,319,4,0,0.030472017526389165,0.03044776119402985,0.002425633235931396
maa2,320,18,0,0.03055721989215099,0.03044776119402985,0.010945869812113707
maa2,321,16,1,0.030345378319025753,0.03044776119402985,-0.010238287500409851
maa2,322,2,0,0.03045988453115668,0.03044776119402985,0.0012123337126829226
maa2,323,15,0,0.03053892215568862,0.03044776119402985,0.009116096165876983
maa2,324,20,0,0.03056943056943057,0.03044776119402985,0.012166937540071879
maa2,325,2,0,0.03045988453115668,0.03044776119402985,0.0012123337126829226
maa2,326,20,0,0.03056943056943057,0.03044776119402985,0.012166937540071879
maa2,327,20,0,0.03056943056943057,0.03044776119402985,0.012166937540071879
maa2,328,20,1,0.03036963036963037,0.03044776119402985,-0.007813082439948188
maa2,329,14,0,0.03053282777888645,0.03044776119402985,0.008506658485659888
maa2,330,16,0,0.03054501896586145,0.03044776119402985,0.009725777183159853
maa2,332,3,0,0.03046594982078853,0.03044776119402985,0.0018188626758678522
maa2,333,15,1,0.03033932135728543,0.03044776119402985,-0.010843983674442212
maa2,334,7,1,0.03029095257074532,0.03044776119402985,-0.015680862328453296
maa2,335,12,0,0.03052064631956912,0.03044776119402985,0.007288512553926818
maa2,336,4,0,0.030472017526389165,0.03044776119402985,0.002425633235931396
maa2,337,12,0,0.03052064631956912,0.03044776119402985,0.007288512553926818
maa2,338,9,0,0.030502392344497607,0.03044776119402985,0.005463115046775574
maa2,341,5,0,0.03047808764940239,0.03044776119402985,0.0030326455372538946
maa2,343,5,0,0.03047808764940239,0.03044776119402985,0.0030326455372538946
maa2,344,4,0,0.030472017526389165,0.03044776119402985,0.002425633235931396
maa2,345,1,0,0.030453821656050956,0.03044776119402985,6.060462021104107e-4
maa2,346,1,0,0.030453821656050956,0.03044776119402985,6.060462021104107e-4
maa2,347,20,1,0.03036963036963037,0.03044776119402985,-0.007813082439948188
maa2,348,4,0,0.030472017526389165,0.03044776119402985,0.002425633235931396
maa2,349,5,1,0.030278884462151396,0.03044776119402985,-0.01688767318784555
maa2,350,12,0,0.03052064631956912,0.03044776119402985,0.007288512553926818
maa2,351,17,1,0.03035143769968051,0.03044776119402985,-0.009632349434934157
maa2,352,20,1,0.03036963036963037,0.03044776119402985,-0.007813082439948188
maa2,354,17,1,0.03035143769968051,0.03044776119402985,-0.009632349434934157
maa2,355,12,1,0.030321164971075204,0.03044776119402985,-0.012659622295464745
maa2,356,5,0,0.03047808764940239,0.03044776119402985,0.0030326455372538946
maa2,357,20,1,0.03036963036963037,0.03044776119402985,-0.007813082439948188
maa2,358,13,0,0.030526735833998404,0.03044776119402985,0.007897463996855286
maa2,359,1,0,0.030453821656050956,0.03044776119402985,6.060462021104107e-4
maa2,360,5,0,0.03047808764940239,0.03044776119402985,0.0030326455372538946
maa2,361,14,0,0.03053282777888645,0.03044776119402985,0.008506658485659888
maa2,362,20,2,0.03016983016983017,0.03044776119402985,-0.027793102419968255
maa2,363,8,1,0.030296990233207095,0.03044776119402985,-0.015077096082275615
maa2,364,8,0,0.030496312537372932,0.03044776119402985,0.0048551343343080505
maa2,365,16,0,0.03054501896586145,0.03044776119402985,0.009725777183159853
maa2,366,7,0,0.03049023515344759,0.03044776119402985,0.004247395941773743
maa2,367,20,0,0.03056943056943057,0.03044776119402985,0.012166937540071879
maa2,368,19,1,0.030363563723531762,0.03044776119402985,-0.008419747049808954
maa2,370,16,0,0.03054501896586145,0.03044776119402985,0.009725777183159853
maa2,371,20,0,0.03056943056943057,0.03044776119402985,0.012166937540071879
maa2,373,1,0,0.030453821656050956,0.03044776119402985,6.060462021104107e-4
maa2,374,9,0,0.030502392344497607,0.03044776119402985,0.005463115046775574
maa2,375,10,0,0.030508474576271188,0.03044776119402985,0.006071338224133624
maa2,376,7,0,0.03049023515344759,0.03044776119402985,0.004247395941773743
maa2,377,15,0,0.03053892215568862,0.03044776119402985,0.009116096165876983
maa2,378,5,0,0.03047808764940239,0.03044776119402985,0.0030326455372538946
maa2,379,20,1,0.03036963036963037,0.03044776119402985,-0.007813082439948188
maa2,380,3,0,0.03046594982078853,0.03044776119402985,0.0018188626758678522
maa2,381,6,1,0.030284917314206017,0.03044776119402985,-0.016284387982383464
maa2,382,12,0,0.03052064631956912,0.03044776119402985,0.007288512553926818
maa2,383,3,0,0.03046594982078853,0.03044776119402985,0.0018188626758678522
maa2,384,2,0,0.03045988453115668,0.03044776119402985,0.0012123337126829226
maa2,385,3,0,0.03046594982078853,0.03044776119402985,0.0018188626758678522
maa2,386,18,1,0.03035749950069902,0.03044776119402985,-0.009026169333083145
maa2,387,20,0,0.03056943056943057,0.03044776119402985,0.012166937540071879
maa2,389,20,0,0.03056943056943057,0.03044776119402985,0.012166937540071879
maa2,390,20,1,0.03036963036963037,0.03044776119402985,-0.007813082439948188
maa2,391,15,0,0.03053892215568862,0.03044776119402985,0.009116096165876983
maa2,392,20,2,0.03016983016983017,0.03044776119402985,-0.027793102419968255
maa2,393,1,0,0.030453821656050956,0.03044776119402985,6.060462021104107e-4
maa2,394,5,0,0.03047808764940239,0.03044776119402985,0.0030326455372538946
maa2,395,17,0,0.03055111821086262,0.03044776119402985,0.010335701683276965
maa2,396,20,1,0.03036963036963037,0.03044776119402985,-0.007813082439948188
maa2,397,5,1,0.030278884462151396,0.03044776119402985,-0.01688767318784555
maa2,398,1,0,0.030453821656050956,0.03044776119402985,6.060462021104107e-4
maa2,399,3,0,0.03046594982078853,0.03044776119402985,0.0018188626758678522
mys2,0,3,0,0.07658157602663707,0.07632743362831858,0.025414239831848817
mys2,1,2,0,0.07649667405764966,0.07632743362831858,0.016924042933108563
mys2,2,1,0,0.07641196013289037,0.07632743362831858,0.008452650457178856
mys2,7,1,1,0.0753045404208195,0.07632743362831858,-0.10228932074990843
mys2,8,20,2,0.0757918552036199,0.07632743362831858,-0.05355784246986739
mys2,9,16,1,0.07657657657657657,0.07632743362831858,0.024914294825799377
mys2,10,19,2,0.07570621468926554,0.07632743362831858,-0.06212189390530365
mys2,14,3,0,0.07658157602663707,0.07632743362831858,0.025414239831848817
mys2,15,14,0,0.07752808988764046,0.07632743362831858,0.12006562593218778
mys2,17,20,2,0.0757918552036199,0.07632743362831858,-0.05355784246986739
mys2,18,12,0,0.0773542600896861,0.07632743362831858,0.10268264613675221
mys2,19,8,0,0.07700892857142858,0.07632743362831858,0.06814949431099976
mys2,20,15,2,0.07536557930258718,0.07632743362831858,-0.09618543257313983
mys2,21,5,0,0.07675194660734148,0.07632743362831858,0.04245129790229063
mys2,29,3,0,0.07658157602663707,0.07632743362831858,0.025414239831848817
mys2,33,9,3,0.07374301675977654,0.07632743362831858,-0.2584416868542036
mys2,34,6,0,0.07683741648106904,0.07632743362831858,0.05099828527504596
mys2,43,2,0,0.07649667405764966,0.07632743362831858,0.016924042933108563
mys2,46,1,0,0.07641196013289037,0.07632743362831858,0.008452650457178856
mys2,48,20,0,0.07805429864253394,0.07632743362831858,0.1726865014215359
mys2,53,1,0,0.07641196013289037,0.07632743362831858,0.008452650457178856
mys2,55,1,0,0.07641196013289037,0.07632743362831858,0.008452650457178856
mys2,56,9,0,0.07709497206703911,0.07632743362831858,0.07675384387205303
mys2,57,3,0,0.07658157602663707,0.07632743362831858,0.025414239831848817
mys2,64,1,0,0.07641196013289037,0.07632743362831858,0.008452650457178856
mys2,65,5,0,0.07675194660734148,0.07632743362831858,0.04245129790229063
mys2,66,13,1,0.07631874298540965,0.07632743362831858,-8.690642908926183e-4
mys2,67,16,1,0.07657657657657657,0.07632743362831858,0.024914294825799377
mys2,69,2,1,0.07538802660753881,0.07632743362831858,-0.093940702077977
mys2,70,5,0,0.07675194660734148,0.07632743362831858,0.04245129790229063
mys2,73,2,0,0.07649667405764966,0.07632743362831858,0.016924042933108563
mys2,74,6,3,0.07349665924276169,0.07632743362831858,-0.2830774385556886
mys2,75,5,0,0.07675194660734148,0.07632743362831858,0.04245129790229063
mys2,76,9,0,0.07709497206703911,0.07632743362831858,0.07675384387205303
mys2,77,19,0,0.07796610169491526,0.07632743362831858,0.16386680665966824
mys2,78,5,1,0.07563959955506118,0.07632743362831858,-0.06878340732573984
mys2,80,14,0,0.07752808988764046,0.07632743362831858,0.12006562593218778
mys2,81,8,1,0.07589285714285714,0.07632743362831858,-0.04345764854614409
mys2,82,2,0,0.07649667405764966,0.07632743362831858,0.016924042933108563
mys2,83,4,0,0.07666666666666666,0.07632743362831858,0.033923303834808294
mys2,84,7,0,0.07692307692307693,0.07632743362831858,0.059564329475834954
mys2,85,6,0,0.07683741648106904,0.07632743362831858,0.05099828527504596
mys2,86,14,0,0.07752808988764046,0.07632743362831858,0.12006562593218778
mys2,87,11,1,0.0761478163493841,0.07632743362831858,-0.017961727893447965
mys2,88,1,0,0.07641196013289037,0.07632743362831858,0.008452650457178856
mys2,89,1,0,0.07641196013289037,0.07632743362831858,0.008452650457178856
mys2,92,9,0,0.07709497206703911,0.07632743362831858,0.07675384387205303
mys2,94,3,0,0.07658157602663707,0.07632743362831858,0.025414239831848817
mys2,103,1,0,0.07641196013289037,0.07632743362831858,0.008452650457178856
mys2,105,1,0,0.07641196013289037,0.07632743362831858,0.008452650457178856
mys2,107,1,0,0.07641196013289037,0.07632743362831858,0.008452650457178856
mys2,108,5,1,0.07563959955506118,0.07632743362831858,-0.06878340732573984
mys2,109,20,2,0.0757918552036199,0.07632743362831858,-0.05355784246986739
mys2,110,17,1,0.07666290868094701,0.07632743362831858,0.033547505262843114
mys2,111,7,0,0.07692307692307693,0.07632743362831858,0.059564329475834954
mys2,113,1,0,0.07641196013289037,0.07632743362831858,0.008452650457178856
mys2,116,9,1,0.07597765363128492,0.07632743362831858,-0.03497799970336585
mys2,119,5,0,0.07675194660734148,0.07632743362831858,0.04245129790229063
mys2,121,8,3,0.07366071428571429,0.07632743362831858,-0.266671934260429
mys2,122,9,1,0.07597765363128492,0.07632743362831858,-0.03497799970336585
mys2,124,1,0,0.07641196013289037,0.07632743362831858,0.008452650457178856
mys2,126,5,1,0.07563959955506118,0.07632743362831858,-0.06878340732573984
mys2,128,6,0,0.07683741648106904,0.07632743362831858,0.05099828527504596
mys2,129,6,0,0.07683741648106904,0.07632743362831858,0.05099828527504596
mys2,130,6,0,0.07683741648106904,0.07632743362831858,0.05099828527504596
mys2,131,1,0,0.07641196013289037,0.07632743362831858,0.008452650457178856
mys2,132,8,0,0.07700892857142858,0.07632743362831858,0.06814949431099976
mys2,133,3,0,0.07658157602663707,0.07632743362831858,0.025414239831848817
mys2,136,1,0,0.07641196013289037,0.07632743362831858,0.008452650457178856
mys2,137,7,0,0.07692307692307693,0.07632743362831858,0.059564329475834954
mys2,138,2,0,0.07649667405764966,0.07632743362831858,0.016924042933108563
mys2,143,20,0,0.07805429864253394,0.07632743362831858,0.1726865014215359
mys2,144,7,1,0.0758082497212932,0.07632743362831858,-0.05191839070253779
mys2,151,4,0,0.07666666666666666,0.07632743362831858,0.033923303834808294
mys2,167,1,0,0.07641196013289037,0.07632743362831858,0.008452650457178856
mys2,168,2,0,0.07649667405764966,0.07632743362831858,0.016924042933108563
mys2,179,4,1,0.07555555555555556,0.07632743362831858,-0.077187807276302145
mys2,182,1,0,0.07641196013289037,0.07632743362831858,0.008452650457178856
mys2,189,7,2,0.07469342251950947,0.07632743362831858,-0.16340111088091053
mys2,190,2,0,0.07649667405764966,0.07632743362831858,0.016924042933108563
mys2,192,15,3,0.07424071991001124,0.07632743362831858,-0.20867137183073342
mys2,194,17,2,0.07553551296505073,0.07632743362831858,-0.0791920663267845
mys2,197,1,0,0.07641196013289037,0.07632743362831858,0.008452650457178856
mys2,198,1,0,0.07641196013289037,0.07632743362831858,0.008452650457178856
mys2,204,1,0,0.07641196013289037,0.07632743362831858,0.008452650457178856
mys2,205,4,0,0.07666666666666666,0.07632743362831858,0.033923303834808294
mys2,208,6,0,0.07683741648106904,0.07632743362831858,0.05099828527504596
mys2,209,1,0,0.07641196013289037,0.07632743362831858,0.008452650457178856
mys2,210,8,1,0.07589285714285714,0.07632743362831858,-0.04345764854614409
mys2,213,13,2,0.07519640852974187,0.07632743362831858,-0.11310250985767101
mys2,215,20,0,0.07805429864253394,0.07632743362831858,0.1726865014215359
mys2,216,8,1,0.07589285714285714,0.07632743362831858,-0.04345764854614409
mys2,218,3,1,0.07547169811320754,0.07632743362831858,-0.08557355151110335
mys2,221,10,2,0.07494407158836688,0.07632743362831858,-0.13833620399516938
mys2,222,2,1,0.07538802660753881,0.07632743362831858,-0.093940702077977
mys2,224,2,0,0.07649667405764966,0.07632743362831858,0.016924042933108563
mys2,225,3,0,0.07658157602663707,0.07632743362831858,0.025414239831848817
mys2,227,1,0,0.07641196013289037,0.07632743362831858,0.008452650457178856
mys2,228,15,3,0.07424071991001124,0.07632743362831858,-0.20867137183073342
mys2,229,2,0,0.07649667405764966,0.07632743362831858,0.016924042933108563
mys2,230,3,0,0.07658157602663707,0.07632743362831858,0.025414239831848817
mys2,237,1,0,0.07641196013289037,0.07632743362831858,0.008452650457178856
mys2,243,3,0,0.07658157602663707,0.07632743362831858,0.025414239831848817
mys2,244,1,0,0.07641196013289037,0.07632743362831858,0.008452650457178856
mys2,248,1,0,0.07641196013289037,0.07632743362831858,0.008452650457178856
mys2,253,2,0,0.07649667405764966,0.07632743362831858,0.016924042933108563
mys2,254,1,0,0.07641196013289037,0.07632743362831858,0.008452650457178856
mys2,255,2,1,0.07538802660753881,0.07632743362831858,-0.093940702077977
mys2,259,11,1,0.0761478163493841,0.07632743362831858,-0.017961727893447965
mys2,262,1,0,0.07641196013289037,0.07632743362831858,0.008452650457178856
mys2,265,3,0,0.07658157602663707,0.07632743362831858,0.025414239831848817
mys2,266,3,0,0.07658157602663707,0.07632743362831858,0.025414239831848817
mys2,268,2,0,0.07649667405764966,0.07632743362831858,0.016924042933108563
mys2,269,10,0,0.07718120805369127,0.07632743362831858,0.0853774425372697
mys2,271,1,0,0.07641196013289037,0.07632743362831858,0.008452650457178856
mys2,272,1,1,0.0753045404208195,0.07632743362831858,-0.10228932074990843
mys2,274,11,1,0.0761478163493841,0.07632743362831858,-0.017961727893447965
mys2,275,20,2,0.0757918552036199,0.07632743362831858,-0.05355784246986739
mys2,277,1,0,0.07641196013289037,0.07632743362831858,0.008452650457178856
mys2,278,1,0,0.07641196013289037,0.07632743362831858,0.008452650457178856
mys2,280,6,0,0.07683741648106904,0.07632743362831858,0.05099828527504596
mys2,281,17,1,0.07666290868094701,0.07632743362831858,0.033547505262843114
mys2,283,5,1,0.07563959955506118,0.07632743362831858,-0.06878340732573984
mys2,286,2,0,0.07649667405764966,0.07632743362831858,0.016924042933108563
mys2,287,4,0,0.07666666666666666,0.07632743362831858,0.033923303834808294
mys2,293,5,2,0.07452725250278086,0.07632743362831858,-0.1800181125537717
mys2,296,2,0,0.07649667405764966,0.07632743362831858,0.016924042933108563
mys2,298,4,0,0.07666666666666666,0.07632743362831858,0.033923303834808294
mys2,305,1,0,0.07641196013289037,0.07632743362831858,0.008452650457178856
mys2,306,3,1,0.07547169811320754,0.07632743362831858,-0.08557355151110335
mys2,309,1,0,0.07641196013289037,0.07632743362831858,0.008452650457178856
mys2,312,1,0,0.07641196013289037,0.07632743362831858,0.008452650457178856
mys2,327,1,0,0.07641196013289037,0.07632743362831858,0.008452650457178856
mys2,335,1,0,0.07641196013289037,0.07632743362831858,0.008452650457178856
mys2,342,1,0,0.07641196013289037,0.07632743362831858,0.008452650457178856
mys2,343,1,0,0.07641196013289037,0.07632743362831858,0.008452650457178856
mys2,344,4,0,0.07666666666666666,0.07632743362831858,0.033923303834808294
mys2,345,16,1,0.07657657657657657,0.07632743362831858,0.024914294825799377
mys2,346,1,0,0.07641196013289037,0.07632743362831858,0.008452650457178856
mys2,347,4,0,0.07666666666666666,0.07632743362831858,0.033923303834808294
mys2,349,7,1,0.0758082497212932,0.07632743362831858,-0.05191839070253779
mys2,357,1,1,0.0753045404208195,0.07632743362831858,-0.10228932074990843
mys2,358,4,0,0.07666666666666666,0.07632743362831858,0.033923303834808294
mys2,360,1,0,0.07641196013289037,0.07632743362831858,0.008452650457178856
mys2,362,1,0,0.07641196013289037,0.07632743362831858,0.008452650457178856
mys2,363,5,0,0.07675194660734148,0.07632743362831858,0.04245129790229063
mys2,369,5,0,0.07675194660734148,0.07632743362831858,0.04245129790229063
mys2,370,7,0,0.07692307692307693,0.07632743362831858,0.059564329475834954
mys2,374,16,1,0.07657657657657657,0.07632743362831858,0.024914294825799377
mys2,376,3,0,0.07658157602663707,0.07632743362831858,0.025414239831848817
mys2,378,1,0,0.07641196013289037,0.07632743362831858,0.008452650457178856
mys2,391,12,0,0.0773542600896861,0.07632743362831858,0.10268264613675221
mys2,398,9,2,0.07486033519553073,0.07632743362831858,-0.14670984327878472
vns,0,1,0,0.04153354632587859,0.04148936170212766,0.0044184623750935514
vns,2,18,1,0.04121475054229935,0.04148936170212766,-0.027461115982830436
vns,3,2,0,0.04157782515991471,0.04148936170212766,0.008846345778705522
vns,4,4,0,0.041666666666666664,0.04148936170212766,0.017730496453900735
vns,5,16,0,0.04220779220779221,0.04148936170212766,0.0718430505664551
vns,6,2,0,0.04157782515991471,0.04148936170212766,0.008846345778705522
vns,7,1,0,0.04153354632587859,0.04148936170212766,0.0044184623750935514
vns,8,20,0,0.042391304347826085,0.04148936170212766,0.09019426456984281
vns,9,15,2,0.04,0.04148936170212766,-0.14893617021276562
vns,10,20,0,0.042391304347826085,0.04148936170212766,0.09019426456984281
vns,11,1,0,0.04153354632587859,0.04148936170212766,0.0044184623750935514
vns,12,4,0,0.041666666666666664,0.04148936170212766,0.017730496453900735
vns,14,4,0,0.041666666666666664,0.04148936170212766,0.017730496453900735
vns,15,4,0,0.041666666666666664,0.04148936170212766,0.017730496453900735
vns,16,17,1,0.041170097508125676,0.04148936170212766,-0.03192641940019808
vns,18,1,0,0.04153354632587859,0.04148936170212766,0.0044184623750935514
vns,19,5,1,0.040641711229946524,0.04148936170212766,-0.08476504721811329
vns,22,1,0,0.04153354632587859,0.04148936170212766,0.0044184623750935514
vns,23,4,0,0.041666666666666664,0.04148936170212766,0.017730496453900735
vns,24,7,0,0.04180064308681672,0.04148936170212766,0.03112813846890619
vns,25,6,0,0.0417558886509636,0.04148936170212766,0.02665269488359434
vns,26,20,0,0.042391304347826085,0.04148936170212766,0.09019426456984281
vns,27,11,0,0.04198062432723358,0.04148936170212766,0.04912626251059246
vns,28,3,0,0.0416221985058698,0.04148936170212766,0.013283680374213958
vns,40,1,0,0.04153354632587859,0.04148936170212766,0.0044184623750935514
vns,41,1,0,0.04153354632587859,0.04148936170212766,0.0044184623750935514
vns,42,1,0,0.04153354632587859,0.04148936170212766,0.0044184623750935514
vns,44,20,0,0.042391304347826085,0.04148936170212766,0.09019426456984281
vns,45,1,0,0.04153354632587859,0.04148936170212766,0.0044184623750935514
vns,46,1,0,0.04153354632587859,0.04148936170212766,0.0044184623750935514
vns,47,12,0,0.04202586206896552,0.04148936170212766,0.053650036683786095
vns,50,10,0,0.041935483870967745,0.04148936170212766,0.04461221688400879
vns,52,2,0,0.04157782515991471,0.04148936170212766,0.008846345778705522
vns,54,3,0,0.0416221985058698,0.04148936170212766,0.013283680374213958
vns,55,1,0,0.04153354632587859,0.04148936170212766,0.0044184623750935514
vns,57,4,0,0.041666666666666664,0.04148936170212766,0.017730496453900735
vns,59,2,0,0.04157782515991471,0.04148936170212766,0.008846345778705522
vns,60,12,0,0.04202586206896552,0.04148936170212766,0.053650036683786095
vns,61,3,2,0.03948772678762007,0.04148936170212766,-0.20016349145075898
vns,62,4,0,0.041666666666666664,0.04148936170212766,0.017730496453900735
vns,63,3,0,0.0416221985058698,0.04148936170212766,0.013283680374213958
vns,64,1,0,0.04153354632587859,0.04148936170212766,0.0044184623750935514
vns,65,9,0,0.04189044038668099,0.04148936170212766,0.040107868455332985
vns,66,20,0,0.042391304347826085,0.04148936170212766,0.09019426456984281
vns,67,4,0,0.041666666666666664,0.04148936170212766,0.017730496453900735
vns,68,10,0,0.041935483870967745,0.04148936170212766,0.04461221688400879
vns,69,2,0,0.04157782515991471,0.04148936170212766,0.008846345778705522
vns,72,20,2,0.04021739130434782,0.04148936170212766,-0.1271970397779834
vns,73,3,1,0.04055496264674493,0.04148936170212766,-0.09343990553827286
vns,78,10,0,0.041935483870967745,0.04148936170212766,0.04461221688400879
vns,81,5,0,0.04171122994652406,0.04148936170212766,0.022186824439640596
vns,82,3,0,0.0416221985058698,0.04148936170212766,0.013283680374213958
vns,83,2,1,0.04051172707889126,0.04148936170212766,-0.0977634623236398
vns,84,2,0,0.04157782515991471,0.04148936170212766,0.008846345778705522
vns,86,8,0,0.04184549356223176,0.04148936170212766,0.035613186010410164
vns,87,20,1,0.041304347826086954,0.04148936170212766,-0.018501387604070302
vns,88,6,0,0.0417558886509636,0.04148936170212766,0.02665269488359434
vns,90,1,0,0.04153354632587859,0.04148936170212766,0.0044184623750935514
vns,91,2,0,0.04157782515991471,0.04148936170212766,0.008846345778705522
vns,97,3,0,0.0416221985058698,0.04148936170212766,0.013283680374213958
vns,98,2,1,0.04051172707889126,0.04148936170212766,-0.0977634623236398
vns,103,12,1,0.040948275862068964,0.04148936170212766,-0.05410858400586929
vns,104,1,0,0.04153354632587859,0.04148936170212766,0.0044184623750935514
vns,107,1,0,0.04153354632587859,0.04148936170212766,0.0044184623750935514
vns,109,3,0,0.0416221985058698,0.04148936170212766,0.013283680374213958
vns,110,1,0,0.04153354632587859,0.04148936170212766,0.0044184623750935514
vns,114,2,2,0.039445628997867806,0.04148936170212766,-0.20437327042598513
vns,115,4,0,0.041666666666666664,0.04148936170212766,0.017730496453900735
vns,119,2,0,0.04157782515991471,0.04148936170212766,0.008846345778705522
vns,120,11,2,0.03982777179763186,0.04148936170212766,-0.16615899044957957
vns,124,13,0,0.042071197411003236,0.04148936170212766,0.058183570887557906
vns,125,1,0,0.04153354632587859,0.04148936170212766,0.0044184623750935514
vns,129,6,0,0.0417558886509636,0.04148936170212766,0.02665269488359434
vns,130,1,0,0.04153354632587859,0.04148936170212766,0.0044184623750935514
vns,131,1,0,0.04153354632587859,0.04148936170212766,0.0044184623750935514
vns,134,7,1,0.04072883172561629,0.04148936170212766,-0.07605299765113677
vns,135,1,0,0.04153354632587859,0.04148936170212766,0.0044184623750935514
vns,136,2,1,0.04051172707889126,0.04148936170212766,-0.0977634623236398
vns,137,2,0,0.04157782515991471,0.04148936170212766,0.008846345778705522
vns,139,20,1,0.041304347826086954,0.04148936170212766,-0.018501387604070302
vns,141,2,0,0.04157782515991471,0.04148936170212766,0.008846345778705522
vns,142,9,0,0.04189044038668099,0.04148936170212766,0.040107868455332985
vns,144,5,0,0.04171122994652406,0.04148936170212766,0.022186824439640596
vns,145,1,0,0.04153354632587859,0.04148936170212766,0.0044184623750935514
vns,146,3,0,0.0416221985058698,0.04148936170212766,0.013283680374213958
vns,150,20,0,0.042391304347826085,0.04148936170212766,0.09019426456984281
vns,153,1,0,0.04153354632587859,0.04148936170212766,0.0044184623750935514
vns,154,1,0,0.04153354632587859,0.04148936170212766,0.0044184623750935514
vns,158,1,0,0.04153354632587859,0.04148936170212766,0.0044184623750935514
vns,162,1,0,0.04153354632587859,0.04148936170212766,0.0044184623750935514
vns,166,1,0,0.04153354632587859,0.04148936170212766,0.0044184623750935514
vns,175,12,0,0.04202586206896552,0.04148936170212766,0.053650036683786095
vns,179,1,0,0.04153354632587859,0.04148936170212766,0.0044184623750935514
vns,180,1,0,0.04153354632587859,0.04148936170212766,0.0044184623750935514
vns,181,1,0,0.04153354632587859,0.04148936170212766,0.0044184623750935514
vns,184,1,0,0.04153354632587859,0.04148936170212766,0.0044184623750935514
vns,187,11,0,0.04198062432723358,0.04148936170212766,0.04912626251059246
vns,191,18,1,0.04121475054229935,0.04148936170212766,-0.027461115982830436
vns,192,20,0,0.042391304347826085,0.04148936170212766,0.09019426456984281
vns,193,2,0,0.04157782515991471,0.04148936170212766,0.008846345778705522
vns,195,6,0,0.0417558886509636,0.04148936170212766,0.02665269488359434
vns,197,20,1,0.041304347826086954,0.04148936170212766,-0.018501387604070302
vns,199,7,0,0.04180064308681672,0.04148936170212766,0.03112813846890619
vns,200,1,0,0.04153354632587859,0.04148936170212766,0.0044184623750935514
vns,202,1,0,0.04153354632587859,0.04148936170212766,0.0044184623750935514
vns,210,1,0,0.04153354632587859,0.04148936170212766,0.0044184623750935514
vns,213,12,1,0.040948275862068964,0.04148936170212766,-0.05410858400586929
vns,214,1,0,0.04153354632587859,0.04148936170212766,0.0044184623750935514
vns,223,2,0,0.04157782515991471,0.04148936170212766,0.008846345778705522
vns,229,3,0,0.0416221985058698,0.04148936170212766,0.013283680374213958
vns,230,1,0,0.04153354632587859,0.04148936170212766,0.0044184623750935514
vns,231,1,0,0.04153354632587859,0.04148936170212766,0.0044184623750935514
vns,235,1,0,0.04153354632587859,0.04148936170212766,0.0044184623750935514
vns,241,1,0,0.04153354632587859,0.04148936170212766,0.0044184623750935514
vns,242,1,0,0.04153354632587859,0.04148936170212766,0.0044184623750935514
vns,258,2,0,0.04157782515991471,0.04148936170212766,0.008846345778705522
vns,274,1,0,0.04153354632587859,0.04148936170212766,0.0044184623750935514
vns,284,1,1,0.04046858359957402,0.04148936170212766,-0.10207781025536392
vns,290,1,1,0.04046858359957402,0.04148936170212766,-0.10207781025536392
vns,298,5,1,0.040641711229946524,0.04148936170212766,-0.08476504721811329
vns,307,1,0,0.04153354632587859,0.04148936170212766,0.0044184623750935514
vns,310,5,0,0.04171122994652406,0.04148936170212766,0.022186824439640596
vns,312,1,0,0.04153354632587859,0.04148936170212766,0.0044184623750935514
vns,313,5,1,0.040641711229946524,0.04148936170212766,-0.08476504721811329
vns,314,1,0,0.04153354632587859,0.04148936170212766,0.0044184623750935514
vns,315,2,0,0.04157782515991471,0.04148936170212766,0.008846345778705522
vns,317,2,0,0.04157782515991471,0.04148936170212766,0.008846345778705522
vns,319,2,0,0.04157782515991471,0.04148936170212766,0.008846345778705522
vns,321,2,0,0.04157782515991471,0.04148936170212766,0.008846345778705522
vns,324,2,0,0.04157782515991471,0.04148936170212766,0.008846345778705522
vns,332,1,0,0.04153354632587859,0.04148936170212766,0.0044184623750935514
vns,334,10,0,0.041935483870967745,0.04148936170212766,0.04461221688400879
vns,336,6,0,0.0417558886509636,0.04148936170212766,0.02665269488359434
vns,342,1,0,0.04153354632587859,0.04148936170212766,0.0044184623750935514
vns,346,1,0,0.04153354632587859,0.04148936170212766,0.0044184623750935514
vns,347,1,0,0.04153354632587859,0.04148936170212766,0.0044184623750935514
vns,353,6,3,0.03854389721627409,0.04148936170212766,-0.2945464485853567
vns,355,2,0,0.04157782515991471,0.04148936170212766,0.008846345778705522
vns,356,1,0,0.04153354632587859,0.04148936170212766,0.0044184623750935514
vns,358,1,0,0.04153354632587859,0.04148936170212766,0.0044184623750935514
vns,361,3,0,0.0416221985058698,0.04148936170212766,0.013283680374213958
vns,365,6,0,0.0417558886509636,0.04148936170212766,0.02665269488359434
vns,367,3,1,0.04055496264674493,0.04148936170212766,-0.09343990553827286
vns,368,4,0,0.041666666666666664,0.04148936170212766,0.017730496453900735
vns,369,1,0,0.04153354632587859,0.04148936170212766,0.0044184623750935514
vns,370,1,0,0.04153354632587859,0.04148936170212766,0.0044184623750935514
vns,371,20,0,0.042391304347826085,0.04148936170212766,0.09019426456984281
vns,375,20,1,0.041304347826086954,0.04148936170212766,-0.018501387604070302
vns,376,20,2,0.04021739130434782,0.04148936170212766,-0.1271970397779834
vns,377,1,0,0.04153354632587859,0.04148936170212766,0.0044184623750935514
vns,378,1,0,0.04153354632587859,0.04148936170212766,0.0044184623750935514
vns,379,4,0,0.041666666666666664,0.04148936170212766,0.017730496453900735
vns,380,1,0,0.04153354632587859,0.04148936170212766,0.0044184623750935514
vns,381,1,0,0.04153354632587859,0.04148936170212766,0.0044184623750935514
vns,382,17,1,0.041170097508125676,0.04148936170212766,-0.03192641940019808
vns,384,8,0,0.04184549356223176,0.04148936170212766,0.035613186010410164
vns,385,8,0,0.04184549356223176,0.04148936170212766,0.035613186010410164
vns,386,8,0,0.04184549356223176,0.04148936170212766,0.035613186010410164
vns,387,13,2,0.039913700107874865,0.04148936170212766,-0.15756615942527918
vns,388,20,0,0.042391304347826085,0.04148936170212766,0.09019426456984281
vns,389,20,0,0.042391304347826085,0.04148936170212766,0.09019426456984281
vns,390,3,0,0.0416221985058698,0.04148936170212766,0.013283680374213958
vns,393,7,1,0.04072883172561629,0.04148936170212766,-0.07605299765113677
vns,394,3,0,0.0416221985058698,0.04148936170212766,0.013283680374213958
vns,396,1,0,0.04153354632587859,0.04148936170212766,0.0044184623750935514
vns,398,1,0,0.04153354632587859,0.04148936170212766,0.0044184623750935514
vns,399,19,0,0.04234527687296417,0.04148936170212766,0.08559151708365104
