region_id,place_id,name,legacy_normalized
blr,osm_2911691002,Empire Hotel,empire hotel
blr,ChIJ67qWAstBrjsRePz0Yzf5yn0,Chicken world,chicken world
blr,ChIJvWcvFVBprjsRIS1xFrcFCOM,Sitara Veg Restaurant,sitara veg restaurant
blr,osm_6779117312,Mylari-Inn,mylari-inn
blr,ChIJq2ao2zprrjsR18myqeuEwfU,Burger&Burger,burger&burger
blr,ChIJveQdHQBzrjsRSca7LgpAzbk,Taste Cafe,taste cafe
blr,ChIJJ3PTB2trrjsR7nLCifGR9ak,We Crunch Electronic City,we crunch electronic city
blr,ChIJXyWwtz5trjsRlAQTt71KOHE,Pizza corner,pizza corner
blr,osm_6248981887,Vyshali Food Corner,vyshali food corner
blr,ChIJic-Xy11HrjsRmtz1Fby1PT4,CHALUKYA GRAND BIDADI,chalukya grand bidadi
blr,osm_4332512094,Sri Akshaya Upahar,sri akshaya upahar
blr,osm_6690509588,Nila Bhima Restaurant;,nila bhima restaurant;
blr,osm_13022417952,Laffah,laffah
blr,ChIJ2VNWZy4_rjsRzNPudzzuNTM,Ramesh Supa,ramesh supa
blr,ChIJ5SWKhQZurjsR_x4jFrqWNQc,Star Briyani,star briyani
blr,osm_1166727541,Plate 99 Restaurant,plate 99 restaurant
blr,ChIJ2_z43Jg5rjsR2S4UFjLjskI,Sashi Hotel (Bidadi Thatte Idly),sashi hotel (bidadi thatte idly)
blr,ChIJAYFnVhRvrjsRLpBGvjm7-Bc,Amaresh V N,amaresh v n
blr,ChIJXejJsR5vrjsRviM8MogLjRc,THE KITCHEN,the kitchen
blr,ChIJpTQUq29xrjsR60a9YHjJlKA,KRISHNA HOTEL,krishna hotel
blr,ChIJuQBr4IxrrjsRBrC9g-Lqrsw,Prakruthi Adventures Mr Manjunath M S,prakruthi adventures mr manjunath m s
blr,ChIJHWqb3PNtrjsRi2M4zOChafc,AMG Momos,amg momos
blr,ChIJzxRgIT8TrjsRL5whAhWH3wU,Sri Jagannath Foods,sri jagannath foods
blr,osm_1468025788,Anand Sweets and Restaurant,anand sweets and restaurant
blr,ChIJI8ywqgZvrjsRbR64VVYLxbI,ಎಸ್ಎಲ್‌ವಿ ಹೋಟೆಲ್,esel‌vi hotel
blr,ChIJ36xaLwYVrjsR-qS0PJjB9NQ,ನವಮಿ ಆಂಧ್ರ ಶೈಲಿ ಬಹು ತಿನಿಸು,navami amdhra seೖli bahu tinisu
blr,ChIJkRNknfVArjsRrz1g7pgbuFc,Dose Mane,dose mane
blr,osm_4843099625,Ambur Dum Biryani,ambur dum biryani
blr,osm_3370171473,Durga Andhra Mess (Veg/Non-Veg),durga andhra mess (veg/non-veg)
blr,osm_4447108639,New Modern Hotel,new modern hotel
blr,ChIJGa3DRCE_rjsRSGH89K4jrrM,Coffee Shop,coffee shop
blr,ChIJXcz4cws5rjsRUmqYCcVhUkQ,THYAGARAJU V HOTEL,thyagaraju v hotel
blr,ChIJzTvy9ZxsrjsRH40ytVqH0bg,ಲಡ್ಡೊಸ್,laddos
blr,ChIJSSnrEAA_rjsR76fwfvUaeWo,Sri Annapoorneshwari Annakuteera,sri annapoorneshwari annakuteera
blr,osm_1101607728,Hotel Janardhana,hotel janardhana
blr,ChIJPfrOEgBrrjsRxlLqV1gWKSM,Odishi Restaurant,odishi restaurant
blr,osm_11209525664,Ash,ash
blr,osm_12491736742,Food Spring,food spring
blr,ChIJfbep23dHrjsRhdFKHS44BIw,SRI VINAYAKA HOT CHIPS,sri vinayaka hot chips
blr,osm_9007969017,The Pizza Bakery,the pizza bakery
blr,osm_11125591716,The Big Barbeque,the big barbeque
blr,ChIJKWTb311qrjsRnQifQ3ZDAwg,Alpha Family Restaurant,alpha family restaurant
blr,osm_4447009029,Regency Park,regency park
blr,ChIJz8JATEI5rjsRHv-kFFZXgSs,Green park Jolada Rotti oota Khanavali,green park jolada rotti oota khanavali
blr,ChIJSc_byZk_rjsRcWhZz9PdMbI,Poornima kabab corner ಪೂರ್ಣಿಮಾ ಕಬಾಬ್ ಕಾರ್ನರ್,poornima kabab corner purnima kabab karnar
blr,ChIJhUlfRgBrrjsRU7hliy8q0fM,Rashmi's kitchen,rashmi's kitchen
blr,ChIJfSeQYAlBrjsRfktgt_43UIg,ANNAPOORNESHWARI 2,annapoorneshwari 2
blr,ChIJ0UFTDwBrrjsRhsr3JXCopWE,HOTEL JMS (Non Veg),hotel jms (non veg)
blr,osm_9527967763,Orange Leaf,orange leaf
blr,ChIJD6tGvJI_rjsRf45IAbTu4uE,Tambuli Mane - BLR | Banashankari 6th Stage - Outlet,tambuli mane - blr | banashankari 6th stage - outlet
blr,ChIJRXrHl31HrjsRTS52FipZbnk,KABBALAMMA CHICKEN CENTER NAGAMANI,kabbalamma chicken center nagamani
blr,ChIJh7DmEgBxrjsRpFAIvvQO8gg,ABBASALI,abbasali
blr,ChIJt0AK62trrjsRJhP8hD5qM0Y,SYED NADEEM STALL,syed nadeem stall
blr,ChIJD7-xT7ZxrjsRkV3doZXmDHQ,FRIENDS HOTEL,friends hotel
blr,ChIJDQvY581rrjsRMmce6PayLyE,Jai Maruthi 99 Verity Dosa veg,jai maruthi 99 verity dosa veg
blr,osm_11993660922,California Burrito,california burrito
blr,ChIJPUnQMgBBrjsRSbRtJw-L9WA,Le gout chaats,le gout chaats
blr,osm_1468540658,Chalo Punjab,chalo punjab
blr,ChIJsUSEVuZrrjsRg1y6pQirZVY,Sasive : Exclusively South Indian Restaurant,sasive : exclusively south indian restaurant
blr,osm_11164787811,TBC Sky Lounge,tbc sky lounge
blr,ChIJa29CTH5xrjsRuHf4nt7otic,BISMILLAH CHIKEN CENTER,bismillah chiken center
blr,osm_5660597690,Magic Pack Resturant,magic pack resturant
blr,ChIJP9WhWSAVrjsRyKKo3i90yPs,Sharief Bhai Biryani Forum South,sharief bhai biryani forum south
blr,ChIJa-ABFms_rjsR6pe7JQbiDwc,Global Hut restaurant,global hut restaurant
blr,ChIJ5cSk3PZtrjsRerxIee2sVnY,Amaravathi Multi Cuisine,amaravathi multi cuisine
blr,ChIJg4-7iFZrrjsR5hVJnmWrKxY,Kotae Garden Restobar,kotae garden restobar
blr,ChIJnWadLgBvrjsR3ezoT4uo71s,Mast Marathi Restaurant,mast marathi restaurant
blr,ChIJW0F-w3gVrjsRBR-cTJGEzpM,ರೂಫ್ ಗಾರ್ಡನ್,ruph gardan
blr,ChIJ1zlo9b9rrjsRFi9yEYnjB5k,Tiffen & Snaks Centre,tiffen & snaks centre
blr,osm_11540382458,Priyadarśini,priyadarsini
blr,osm_2189204878,Windmills Craftworks,windmills craftworks
blr,osm_1732932721,Adithya,adithya
blr,osm_12959571112,Ashok Hotel,ashok hotel
blr,osm_12265548260,Bismillah Hotel,bismillah hotel
blr,ChIJJQQqNcprrjsRo3R5y14hgmc,"Frozen Bottle - Milkshakes, Desserts, and Ice Cream","frozen bottle - milkshakes, desserts, and ice cream"
blr,osm_423747691,Konārk,konark
blr,ChIJp__dalJHrjsRAHwDqD6SRUM,MINAN FAMILY RESTAURANT,minan family restaurant
blr,osm_4447243242,Paradox Resto-Cafe,paradox resto-cafe
blr,ChIJgZNIK8JvrjsRgdhkbHrL7T4,Sara's Cafe,sara's cafe
blr,ChIJE0z94iFxrjsRHqCI_gLhYP0,M P TEA STALL,m p tea stall
blr,osm_3742215657,Atithis,atithis
blr,ChIJJzOVLMltrjsRRV5o-7qEKpo,Addipoli Puttu’s,addipoli puttu’s
blr,osm_9881508838,Bhairaeshwara Idli Center,bhairaeshwara idli center
blr,ChIJ6dKAaaZrrjsR-2jy4RRXeH8,Evelyn Enterprises. Pushparani F,evelyn enterprises. pushparani f
blr,ChIJW1HnkcZvrjsRtm92Y3oOb3w,"Jai &Ram BBQ, Fast food and daily needs","jai &ram bbq, fast food and daily needs"
blr,osm_12161544267,Samskruthi Sathkara,samskruthi sathkara
blr,ChIJgxAMGsxtrjsRbl0DjXQ16Z0,Namma Dindigul Biryani,namma dindigul biryani
blr,osm_12441457817,TYD,tyd
blr,ChIJaXM2C-BHrjsRCmyaXVC6qzA,Quick Bite Zone,quick bite zone
blr,ChIJjeTTI1RrrjsRuFpKXR0g_LY,E-City Bar and Resturant,e-city bar and resturant
blr,ChIJkx-jWABrrjsRX5yRO4pjQ0s,piramip,piramip
blr,ChIJCUdtOeI_rjsRaTGc5OWImrA,Sri Madeshwara Tiffin Center,sri madeshwara tiffin center
blr,osm_2607686402,Moriz,moriz
blr,osm_11644229938,Grasshopper,grasshopper
blr,ChIJ790ASoFrrjsRA6fzid4_Ap4,M.S Bangarpete Chats,m.s bangarpete chats
blr,ChIJy3RMdwBrrjsR6hJYptUo84Q,Manna cafe,manna cafe
blr,ChIJLzmSbKtrrjsRMIcJ9MoeVDU,Om Sai Ram Chats,om sai ram chats
blr,ChIJ1_pAfBtrrjsR24Sx4q1Nq2M,Mane Ruchi,mane ruchi
blr,ChIJC560dxNrrjsRS57HKa1tpZs,Hoskote Dum Biryani,hoskote dum biryani
blr,osm_4156058889,Hot Soup & Bowl,hot soup & bowl
blr,ChIJyeu2mbprrjsRk0ksTxay6U4,Hotel Kalpavruksha,hotel kalpavruksha
blr,osm_4447119333,Copper Chimney,copper chimney
blr,osm_4444374773,Sandwich Guru,sandwich guru
blr,osm_3342219979,Richies Rahhams Families International,richies rahhams families international
blr,ChIJsTHb4l9prjsRUQt5RLkYzSQ,hot chips,hot chips
blr,osm_1473330341,Tandoori Hipple,tandoori hipple
blr,osm_2542686704,Sagar Fast Food,sagar fast food
blr,ChIJbesxJQBtrjsRX6xdKQqG8t8,Saroj kitchen,saroj kitchen
blr,ChIJISr7z2k_rjsRsNGl-t19p_E,The Lantern House,the lantern house
blr,osm_5595762821,Canteen,canteen
blr,ChIJhfPXSPJzrjsR3p9C_aqXdxY,Roti Ghar,roti ghar
blr,ChIJNx7pP-9rrjsRfkVibKQWVSE,Fiza Taj chicken center,fiza taj chicken center
blr,ChIJr4yn-kUVrjsRjQOMjPJeHrk,Augusta Club - Brigade Gardenia,augusta club - brigade gardenia
blr,ChIJ4exwLFQVrjsRuiU7C5zOTm0,Mani's Dum Biryani - Begur / Singhasandra,mani's dum biryani - begur / singhasandra
blr,ChIJ_Q2uEABrrjsRbApskIHsXcc,The Comfort Plate - Home Made,the comfort plate - home made
blr,osm_2934044447,Kabab Magic,kabab magic
blr,osm_4445493335,Ammis Biryani,ammis biryani
blr,ChIJJ-hzmcM_rjsRHJynBp9mOpM,Nirula's Uttarahalli,nirula's uttarahalli
blr,ChIJe7sBEIdsrjsR6tVULF5UtVQ,ದಿ ಲಾಬಿ ಕೆಫೆ,di labi kephe
blr,osm_4445153971,Swadesh Tadka,swadesh tadka
blr,ChIJGxuHYGI5rjsRpeg-QUTD1YM,SP0RTS CLUB CANTEEN PUTTAMALLEGOWDA,sp0rts club canteen puttamallegowda
blr,osm_11898624845,Krishna Vaibhava,krishna vaibhava
blr,osm_9781094434,Root77,root77
blr,osm_9924452291,Naru Noodle Bar,naru noodle bar
blr,ChIJq1K25QxBrjsRxFIJLoQ-P5o,KABBALAMMA KABAB CORNER,kabbalamma kabab corner
blr,ChIJ87aFrAhtrjsRJ1RX9uRffTQ,MISS IDLY DOSA,miss idly dosa
blr,osm_11309875104,Muro,muro
blr,ChIJxdcsVDJurjsRAAAA0C3AOww,Rakashatha Biriyani Center,rakashatha biriyani center
blr,osm_11102274267,Sicilia Point,sicilia point
blr,ChIJVfsEIgBzrjsRb76i_wTOGWY,The Madd House - Kitchen | Cafe | Pizzeria | Restaurant,the madd house - kitchen | cafe | pizzeria | restaurant
blr,ChIJxa_WCABzrjsRArftwbrOJgE,Kabbalamma biyani mane,kabbalamma biyani mane
blr,ChIJXVq3NwBrrjsRl3LC3Kpr1Ls,Kembathalli Anjanapura Gottigere main road,kembathalli anjanapura gottigere main road
blr,ChIJn4Pk2XRprjsRyVNOGNIxA8U,Thavamani Hotel,thavamani hotel
blr,ChIJJ3H-3xtrrjsRiNCAHd-D8s0,BHIMARAJU GOLDEN HOTEL,bhimaraju golden hotel
blr,ChIJQ1LGrY4UrjsRmBJv1vfmIBo,Arogya Ahaara,arogya ahaara
blr,osm_12632074307,The King of Taste,the king of taste
blr,osm_4844865024,Shiv Sagar,shiv sagar
blr,ChIJdwV7IgBzrjsRd60OZ37IX_8,YO MOMO 3,yo momo 3
blr,ChIJX-WKniFrrjsR9s13eanF9xc,PINKU'S KITCHEN,pinku's kitchen
blr,osm_3510874140,Sharekhan Restaurant,sharekhan restaurant
blr,ChIJsaacO8MTrjsRPy8a7hJNvwE,Asher's kitchen,asher's kitchen
blr,ChIJEUdkx2ptrjsRrZ5HUNKRvM4,PUBG Meats - Fish and Chicken,pubg meats - fish and chicken
blr,osm_12946538926,Hachi by Tenya,hachi by tenya
blr,osm_3121611749,Kwality'S Ice Cream Parlour,kwality's ice cream parlour
blr,ChIJGVbsicwVrjsRWjwHvbFLaoo,Street Storyss,street storyss
blr,ChIJp_5xTABzrjsRwI-IM0pX4Os,Savi Ruchi cloud kitchen,savi ruchi cloud kitchen
blr,ChIJyaDscABBrjsRtKYbITML9wQ,Shanmukha Andhra Style Mess,shanmukha andhra style mess
blr,ChIJO3t_cahHrjsRqwXINKPGHRY,ANJANADRI FAMILY RESTAURANT,anjanadri family restaurant
blr,osm_7043229688,New Ambur Biriyani,new ambur biriyani
blr,ChIJ3ezfkmwVrjsR-wUMuvl-sHM,ನೈಟ್ ಕೆಫೆ,nait kephe
blr,ChIJZWN5MUg_rjsRNVrOaC5jmDg,ಸಬ್ವೇ,sabve
blr,ChIJC9MEpZJBrjsR5INnijeHyFA,Donne Biryani Poin. DONNE BIRIYANI,donne biryani poin. donne biriyani
blr,osm_7116375085,South spicy bites,south spicy bites
blr,osm_680020366,Hare Krishna Pure Veg Restaurant,hare krishna pure veg restaurant
blr,ChIJ55xAZEs_rjsRC-ojG3vlOxw,HOTEL HALEVOORAMMA,hotel halevooramma
blr,osm_346833388,Kapoor's Cafe,kapoor's cafe
blr,osm_665871273,Hotel Madhuvan,hotel madhuvan
blr,ChIJJwNfZwATrjsRuUchmwBmSY0,Bay Leaf Cafe & Restaurant,bay leaf cafe & restaurant
blr,ChIJ9YeG__hrrjsRHDCexAPsCjY,The Belgian Waffle Co,the belgian waffle co
blr,ChIJ3fc2TYFsrjsRZzVFWPuGCt8,ಕೆಎಫ್ಸಿ,keephsi
blr,ChIJ6S89oN5trjsRDKsHxqJg0Ao,SURESH G,suresh g
blr,ChIJG5OMy8cSrjsRdQVVZkRmVww,Karavali Biriyani House,karavali biriyani house
blr,ChIJv9A-XAATrjsReJpgllXA0MU,Buffon,buffon
blr,ChIJYw8U6hBxrjsRSAeR9vmvnkk,KFC Attibele Bangalore,kfc attibele bangalore
blr,osm_8188057016,Chilli Shots Restaurant,chilli shots restaurant
blr,ChIJBcgUFklxrjsRnQV8aPzB4ec,GLORY BAJJI SHOP,glory bajji shop
blr,osm_12260570041,Yara Cafe,yara cafe
blr,ChIJT9hyoE5GrjsRI6z7kNDD7ck,VAISHNAVI HOTEL,vaishnavi hotel
blr,ChIJ4QGIWndBrjsRZ7n2IYKivgg,Samosa Party Kanakapura Road,samosa party kanakapura road
blr,osm_2097550322,Rajadhani restaurant,rajadhani restaurant
blr,ChIJ_UrnvvJrrjsRn_l_HyEwdw4,McDonald's,mcdonald's
blr,osm_10591415447,Maayaa,maayaa
blr,osm_4443559999,Chung Wah,chung wah
blr,ChIJ00uHEso5rjsRIzZ7gFZi5Rw,HOTEL SANNIDHI,hotel sannidhi
blr,osm_1448082496,Sai Shakti,sai shakti
blr,ChIJBVygVNBrrjsRgqOMxb4jmHE,Ambur Biryani,ambur biryani
blr,ChIJfzgaRQBtrjsR0WKn0O3j-fA,Indian Cloud Kichen,indian cloud kichen
blr,ChIJlbzcOABtrjsR5X0fiGG6un4,Heartbreak Kolkata,heartbreak kolkata
blr,osm_1437209536,Saffron Patch,saffron patch
blr,ChIJ7aX-IBEVrjsRzMcdpex71W4,Coastal Mama,coastal mama
blr,ChIJA9rGdG0_rjsRVl9SipKn1nQ,Bhavya Food Center,bhavya food center
blr,ChIJFQLqHRZHrjsR_lA_zwJImLY,ALONE SOUL TEA HUB,alone soul tea hub
blr,ChIJx18V8YAVrjsRvdYy1fhSvl0,Faasos Banashankari,faasos banashankari
blr,osm_12260570016,Maffei Kitchen,maffei kitchen
blr,ChIJL_Iew25DrjsRfbRPQ9Uu3bs,CC KITCHEN,cc kitchen
blr,osm_4443512312,Mainland China,mainland china
blr,osm_4973098294,Felicita,felicita
blr,ChIJ5-M5_YhrrjsRKZNRVtUpQ_I,ABHISHEK HOTEL,abhishek hotel
blr,osm_4444077849,Asha Sweet Center,asha sweet center
blr,osm_12949690546,Om Sri Biryani Point,om sri biryani point
blr,ChIJyzjTrCc_rjsROa_xrguDjBk,Basaweshwara Juice & Chats,basaweshwara juice & chats
blr,osm_7206004834,Royal Andhra Spice,royal andhra spice
blr,ChIJYbvJ5pdqrjsRGqLXxs6Js-Q,Chandrima's Kitchen,chandrima's kitchen
blr,osm_9784639601,Hyderabadi Biryani,hyderabadi biryani
blr,osm_2987148102,New Uduppi Hotel,new uduppi hotel
blr,ChIJ0c-9mYk_rjsRkvpqRDo-dpg,SLV Coffee Thindi,slv coffee thindi
blr,ChIJu-7x5HNBrjsRQxNZ1ppc4uM,Maruti Chicken,maruti chicken
blr,ChIJ4wpV3ytrrjsR4sJTGLzM9w4,SOUTH INDIAN CHINESE FOOD,south indian chinese food
blr,ChIJLeU8KtI_rjsROiIDAj6vJBM,Lakappa Hotel,lakappa hotel
blr,ChIJy5-Z4PtBrjsRi1wOuVifx24,Chinna cantine,chinna cantine
blr,ChIJ903pRMw_rjsRdNXQ5frjWfU,NAMMA BIRIYANI MANE CLOUD KITCHEN,namma biriyani mane cloud kitchen
blr,ChIJKS8D88BFrjsRcQgBdairoEA,Shivakrupa Hotel,shivakrupa hotel
blr,osm_5053373346,Absolute Barbecue - Whitefield,absolute barbecue - whitefield
blr,osm_12632035875,Liquids Bar and Kitchen,liquids bar and kitchen
blr,osm_4851692298,Ruchi,ruchi
blr,ChIJE74imqFrrjsR733Rt9hldZI,Nalume Kitchen,nalume kitchen
blr,ChIJQ8dWDCoTrjsRqRydggn-XDU,Home Flavour - Home made food and snacks,home flavour - home made food and snacks
blr,osm_9291015214,Chulha Chauki da Dhabha,chulha chauki da dhabha
blr,ChIJH2-3qoRtrjsRZvyh1FrTNTs,Hema Hotel,hema hotel
blr,ChIJ0Z7AlHUTrjsRmz_Ka7yCLOI,Taste Haven,taste haven
blr,ChIJSWM-yWdGrjsRoOlS1QI975s,ಫೇರ್‌ವೇಸ್,pher‌ves
blr,osm_12511758515,Ferrara,ferrara
blr,osm_1952896921,Kakal Kai Ruchi,kakal kai ruchi
blr,ChIJsyNH1bttrjsRXXiFG6HTsWs,Shreyas Hotel,shreyas hotel
blr,osm_11853329077,Iftar Restaurant,iftar restaurant
blr,osm_2901145092,Manjunatha Refreshments,manjunatha refreshments
blr,osm_1473308109,Taste of Bihar,taste of bihar
blr,ChIJF8B-cPVArjsRYk-gimD6iT0,MAN LAM,man lam
blr,ChIJuYQAul5rrjsRoQfR5IHB1GI,Sir Manjunatha Tiffin center,sir manjunatha tiffin center
blr,osm_9318156172,Float Rooftop Restaurant,float rooftop restaurant
blr,ChIJwQzER9drrjsROOkR39SCDYc,SLV Fish Tawa Fry,slv fish tawa fry
blr,ChIJS_SWShU_rjsRpE8EAF3F8jo,Hotel MB Nonveg,hotel mb nonveg
blr,osm_10036648218,Madurai Restaurant,madurai restaurant
blr,ChIJ4X_uEfw_rjsR9GIXjUWcDPE,Absolute Shawarma @Kengeri,absolute shawarma @kengeri
blr,ChIJw_Ptr4RFrjsRaNKhJhwrvGI,SRI KHABALAMMA TIFFAN CENTRE,sri khabalamma tiffan centre
blr,osm_1464773800,Auntie Fung's,auntie fung's
blr,ChIJDQ6_aOg5rjsRbkNi6xnJNNQ,M N R DABA M N R DABA,m n r daba m n r daba
blr,ChIJd9Nw8x0VrjsRsgy5k3PvPFM,Foil Fry - Kudlu Road,foil fry - kudlu road
blr,ChIJIbcyjNtprjsRWK5yyE7b_jk,Malpe Fishland Authentic seafood restaurant,malpe fishland authentic seafood restaurant
blr,ChIJQfZESwBBrjsRl6T2Zj7aHVM,Karnataka hindhu military hotel,karnataka hindhu military hotel
blr,ChIJU2SadFprrjsRQMJ_7HB2MXQ,Mana Bhimavaram Restaurant,mana bhimavaram restaurant
blr,osm_12676833806,Laddu Boy,laddu boy
blr,osm_11563901830,Nusa,nusa
blr,osm_11155827457,Spiceguard,spiceguard
blr,ChIJnRPwlFltrjsRGMYB8ndYhdo,Y's Kitchen,y's kitchen
blr,ChIJlboNkDltrjsRk6ncHPxG2GU,Annaporneshwari Hotel,annaporneshwari hotel
blr,ChIJ26kxtQ9BrjsRwAigdSoRI8s,SHRI ADITYA ROTTI MANE SHRIPOORNA ANANTRAO,shri aditya rotti mane shripoorna anantrao
blr,ChIJj4y-rwVtrjsROHjhpmSy8g4,Hotel New Ambur Hot Dum Biryani,hotel new ambur hot dum biryani
blr,osm_12676261352,Pizza Hut,pizza hut
blr,ChIJRwZR3ZEUrjsR-F0llyJnP4g,ಮ್ಯಾಕ್ ಡೊನಾಲ್ಡ್ಸ್,myak donalds
blr,ChIJ_-b_fgBvrjsR4lXidMVd1rQ,Saavya Foods,saavya foods
blr,osm_5915409397,House of Commons,house of commons
blr,ChIJoYz7wBAVrjsR0yA5DVfv8OU,Kolkata Snack Stall,kolkata snack stall
blr,osm_11293333405,Sattvam,sattvam
blr,ChIJxRTPHTtprjsRrl1M3mO4ZMA,"ಅಕ್ಷಯ ಫುಡ್ ಪ್ಲಾಜಾ, ಜಿಗಣಿ","aksaya phud plaja, jigani"
blr,osm_9197342034,The Belgian Waffel Co.,the belgian waffel co.
blr,ChIJ6SzvKpE_rjsR4jKSYgtXZxQ,Ambur Dum Biriyani,ambur dum biriyani
blr,osm_9590333379,Biriyani Zone,biriyani zone
blr,ChIJI9rP4dBtrjsRUSe0sesDhbk,Babul Fast Fooy,babul fast fooy
blr,ChIJkZ0N05VtrjsR3sOpfYoFpCc,Bajji Shop,bajji shop
blr,osm_3725679610,Anjappar Chettinad Restaurant,anjappar chettinad restaurant
blr,ChIJRRw-pNUVrjsRIHNU4M4_yRc,Kousalya P Waterfill,kousalya p waterfill
blr,ChIJIfP9IlA_rjsRdAdxu66uZ4w,Raithana Siri,raithana siri
blr,ChIJJXkmBwBrrjsRKsHtG6rSv-M,S.M.C Chicken Centre,s.m.c chicken centre
blr,ChIJU61BAuNrrjsRP-gbrIHRgnM,Mayura Lunch Home,mayura lunch home
blr,ChIJM7fUDSQ_rjsRvWXJfR86hFg,TAGARU DUM BIRYANI,tagaru dum biryani
blr,osm_12532027902,Kapoor's Cafe,kapoor's cafe
blr,osm_1470634304,Pizzeria Romano,pizzeria romano
blr,ChIJkVjAUwA5rjsRxvyDQc-hjE8,Diya's - South flavours,diya's - south flavours
blr,ChIJp_RiIB1rrjsRSndwhnPPe00,Annapoorna Mess,annapoorna mess
blr,ChIJJ0KtQAA_rjsRQ5vfcUHZ9Og,Shri Sai Rotti Mane,shri sai rotti mane
blr,osm_7949885732,Go Native,go native
blr,osm_5711066684,Truffles,truffles
blr,osm_4445757328,Hotel Sanman,hotel sanman
blr,ChIJZY7GZgBrrjsR0Lugi9-k6RM,Best Biryani house,best biryani house
blr,osm_4604108887,Birbal Darbar,birbal darbar
blr,ChIJPVbyYFZzrjsR0tdSbPVAymg,Tasty Yum Family Restaurant,tasty yum family restaurant
blr,ChIJD9M_wFQTrjsR3iIZOu6n8aw,Ullas Military Hotel,ullas military hotel
blr,osm_4211878795,Sri Raghavendra Darshini,sri raghavendra darshini
blr,ChIJf8IvhXRrrjsRBKuzuY-0k3g,SREE S M T HOTAL,sree s m t hotal
blr,ChIJmZ5Qo8k_rjsR6lWwH3wHHaw,Manimegalai Fruits Stall,manimegalai fruits stall
blr,osm_348498503,Juice Junction,juice junction
blr,ChIJQ52ZZXg3rjsR7zaiUHFpkoA,SRI ARYAN CHICKEN CENTER,sri aryan chicken center
blr,ChIJPQNRByU_rjsRVglKaNJInl4,Behrouz Biryani Kanakpura Road,behrouz biryani kanakpura road
blr,ChIJr1g8FQBrrjsRGUf-ZtaDyHU,Manjunath Mess,manjunath mess
blr,ChIJq0xkfcxHrjsRVYWfJa1oMJU,ಕಾವೇರಿ ಡಾಬ,kaveri daba
blr,ChIJc0Zf6T5rrjsRCrpxoys0X3s,MENASU RESTAURANT,menasu restaurant
blr,ChIJ4-i5_rZprjsRsjRk0yHPJdk,Hotel Halli Mane,hotel halli mane
blr,ChIJlfR574g_rjsRqnFJx_L10wM,Baa Guru Tindige,baa guru tindige
blr,ChIJGxoPATNvrjsRVheyIeyXrJ0,MD Fast Food,md fast food
blr,osm_1081506759,Chung WAH,chung wah
blr,ChIJ8wQ7qF4_rjsRwYjrvbKiReU,HALLI MANE UTA,halli mane uta
blr,ChIJC8_ugAttrjsR4mBqSfFLrwg,MOJO Pizza - 2X Toppings,mojo pizza - 2x toppings
blr,osm_1085786985,Highgates Hotel,highgates hotel
blr,ChIJPYzbNpxsrjsRTN55pq6yqCc,Paradise Biryani | Electronic City,paradise biryani | electronic city
blr,ChIJm6Fv5XxFrjsR89pyulpttOg,LATHA PANIPURI STALL,latha panipuri stall
blr,ChIJkZ057LRprjsRmIU9qKlyhNY,Ambur Hot Biriyani,ambur hot biriyani
blr,osm_4457272193,Chakum Chukum,chakum chukum
blr,osm_2319910863,Suchitra Biryani,suchitra biryani
blr,ChIJibn_bv1BrjsRDA2kSoOjP8c,SOMASHEKAR FAST FOOD,somashekar fast food
blr,ChIJobgFGABtrjsRyEs8faqBA5E,LS fast food,ls fast food
blr,ChIJj1g6TGdprjsRxkoNh8fg95U,HKGN MUTTON STALL,hkgn mutton stall
blr,osm_1313972719,Cafe Krishnam,cafe krishnam
blr,ChIJvfNfEQBvrjsRz1RXI-n55mQ,LAKSHMI HOTEL(VEG AND NON-VEG),lakshmi hotel(veg and non-veg)
blr,osm_12248323804,Aligargh House,aligargh house
blr,ChIJdVkzca84rjsRAAAAcHaeeEE,Fast Food,fast food
blr,ChIJS9DxiwRvrjsRhNiJfsxcyIA,THE MEAT STOP - Jigani / Ecity,the meat stop - jigani / ecity
blr,ChIJAZPnwwkNrjsRsGYp_vZoHSo,Blink and Eat,blink and eat
blr,ChIJqVdZlfxtrjsRTkxQyrpIkhA,NISARGA CAFE AND CANTEEN MANJUNATHAKC,nisarga cafe and canteen manjunathakc
blr,ChIJuVjW3sFqrjsRiETya-gmo9s,Guru Greens Garden Family Restaurant,guru greens garden family restaurant
blr,osm_4087675581,Priyadarshini Grand,priyadarshini grand
blr,ChIJmfNnJR4VrjsRhd8kgm2QmxQ,MonkeyBox,monkeybox
blr,ChIJscWCJnNrrjsRazNLCD2EZ_g,ಹೋಟೆಲ್ ಶ್ರೀ ಬ್ರಹ್ಮಲಿಂಗೇಶ್ವರ,hotel sri brahmalimgesvara
blr,ChIJZ1kQ-DNsrjsRT5gPDGDSoco,Narayana hospital Canteen,narayana hospital canteen
blr,osm_5191746658,Begum's Biriyani,begum's biriyani
blr,osm_12862846479,ARLOS,arlos
blr,ChIJG3vF27cVrjsR6mpxvJA_b28,Dad’s Bistro,dad’s bistro
blr,osm_312508904,Nandhini,nandhini
blr,ChIJZy-j_vkVrjsRn2pGk-G9KWo,Durga Upahaar,durga upahaar
blr,ChIJk3ImG3JtrjsRv3Z301YD2kg,ಮಿರ್ಚಿ ಡಾಬ,mirci daba
blr,osm_10177662894,Andhra Vilas,andhra vilas
blr,ChIJEyr_Nz0VrjsR54a8OgGVQYg,Naveen,naveen
blr,osm_11178140427,Bharathi Refreshments,bharathi refreshments
blr,ChIJA6eZlR5zrjsRAoeUydnD0cc,Biggies Burger: Sarjapur Naturawalk,biggies burger: sarjapur naturawalk
blr,ChIJn5uF0mFzrjsREfNBicHi9r4,AJS Pork Stall,ajs pork stall
blr,ChIJ5V4IwDZxrjsRohl5CtEAyOk,SANJAY CONDIMENTS,sanjay condiments
blr,ChIJTwrBDd9xrjsRpxZy0XiDhoo,KRISHNAMOORTHI VENKATRAMAN,krishnamoorthi venkatraman
blr,osm_3690755778,Twillight Tandoor Resto,twillight tandoor resto
blr,ChIJ6_1PwMw5rjsRuuRfRzGgILE,Aunty's Hotel,aunty's hotel
blr,ChIJk0XM-XkVrjsR-pZIdDb_dAw,SRI CHAMUNDESHWARI MILTARY HOTEL,sri chamundeshwari miltary hotel
blr,ChIJIxNyK785rjsR26x_9HyA0mQ,Shree Balaji Fast Food,shree balaji fast food
blr,ChIJmVtS__BzrjsRonjOH71u7Mg,Amma's Batter Point,amma's batter point
blr,ChIJUc1n7iQVrjsRz7a5s6__SHs,ಐದು ಸ್ಟಾರ್ ಚಿಕನ್,aidu star cikan
blr,osm_12395928051,Sunnys,sunnys
blr,osm_5578956423,Green Leaf Kerela Hotel,green leaf kerela hotel
blr,ChIJIVIkzmRHrjsRMe25XM1YyRU,NANDAN HOTEL,nandan hotel
blr,osm_4294801432,Srinidhi Sagar Foodline,srinidhi sagar foodline
blr,osm_3453556764,Annapurna,annapurna
blr,osm_3239060994,Pizza Hut,pizza hut
blr,ChIJn5lrcyVxrjsR83qE1toch0Y,APPU TIFFINS,appu tiffins
blr,ChIJW1BFWQBrrjsRcJ8SXm7ycDw,Ravi Fish Tawa Fry,ravi fish tawa fry
blr,ChIJ0Yjl07oNrjsRWK2SwV4gz6k,Charantej Fast Food,charantej fast food
blr,osm_5486846121,Truffles,truffles
blr,ChIJF2SGFfE_rjsRB6-XiV1yhSA,ಹೊಸ ಬಿರಿಯಾನಿ ಮನೆ,heusa biriyani mane
blr,osm_10970036571,Kuppalli Kitchen,kuppalli kitchen
blr,osm_12265540839,Pizza Hut,pizza hut
blr,ChIJXwLorWVHrjsRhLx7K2HS7Ks,SRI BASAVESHWARA TIPPAINEES BHAVYASHREEB,sri basaveshwara tippainees bhavyashreeb
blr,ChIJrSRHGqlHrjsRsn_p8YwiEOw,GANGAMMA KABAB CORNER,gangamma kabab corner
blr,ChIJD9SgjsdHrjsRX4g4lQSQ1PY,ಪಾರ್ಕ್ ವ್ಯೂ ರೆಸ್ಟೋರೆಂಟ್,park vyu restoremt
blr,ChIJIxIBXKtzrjsRhZZ4avwKrV0,H K G N Hotel,h k g n hotel
blr,ChIJfTwFnpA_rjsRaAHcgGvkZgQ,Kairos Kitchen - MultiCuisine Restaurant,kairos kitchen - multicuisine restaurant
blr,ChIJ5ev5ol0_rjsRpusSLL_Ir_M,S K Juice And Snacks Mrs BHAGYAMMA C/ O KOM MARIGOWDA,s k juice and snacks mrs bhagyamma c/ o kom marigowda
blr,ChIJhVpyV69trjsRZxPv9kdj_uw,BIRIYANI BABA,biriyani baba
blr,ChIJiZ9ENQBtrjsRZIMJlD43AKk,Njam Njam cafe,njam njam cafe
blr,ChIJm3AnPkQVrjsRA4-0mSaumHs,Shanghai Court Jp nagar,shanghai court jp nagar
blr,ChIJYVB7MgBHrjsRX9iYBTR5ads,Mannan Hyderabadi biryani,mannan hyderabadi biryani
blr,osm_12620513270,Pind Baluch,pind baluch
blr,ChIJ4xGgBQBtrjsRDsMbX1lpjUc,Himayat Nagar,himayat nagar
blr,ChIJS2ADZFM_rjsRiRzO69wglmE,7 HILLS SHESHADRI GARDEN RESTAURANT (SINCE 1983),7 hills sheshadri garden restaurant (since 1983)
blr,osm_11183640991,Khmer Kitchen,khmer kitchen
blr,osm_12265289950,Mashallah Biryani Hotel,mashallah biryani hotel
blr,osm_12168445592,Sandhya Veg,sandhya veg
blr,ChIJPZrf6Fw_rjsRcPR3uZzLVJI,Krishna tiffens,krishna tiffens
blr,ChIJheEpbQBxrjsRxCGAFi32yCk,Madurai Masala,madurai masala
blr,ChIJfwVpRD9HrjsRXhjStSbX_n0,SWONDRAYA FISH STALL DHANALAKSHMI V,swondraya fish stall dhanalakshmi v
blr,osm_3400224073,Five Star Chicken,five star chicken
blr,ChIJCZkyeTY_rjsRKg48_SsvQEw,SHAKSHI TIFFEN CORNER Mrs SWAMI VANMALA,shakshi tiffen corner mrs swami vanmala
blr,osm_11681984878,Ashok Ahaar,ashok ahaar
blr,ChIJGYbSRgBprjsRJceazqSIs4s,KOLKATA FAST FOOD,kolkata fast food
blr,ChIJG0IKY8BxrjsRJuhEwP0BvUE,Dhanya Nati Style Family Restaurant,dhanya nati style family restaurant
blr,osm_7293817086,Biriyani Paradise,biriyani paradise
blr,osm_12041051350,Ayutthaya cuisines of India,ayutthaya cuisines of india
blr,ChIJ-YSb4qptrjsRD_RjGptkNrc,NEW BHATANI CHICKEN CENTER,new bhatani chicken center
blr,ChIJEcI3odhrrjsRi4DvXcRIKk8,HKGN Hotel veg & nom veg,hkgn hotel veg & nom veg
blr,ChIJi81BYA0TrjsRUkvoWHfbGfc,ಇಂಡಿಯನ್ ಹವೇಲಿ,imdiyan haveli
blr,ChIJrXH2YXgVrjsRdG5TwgO57wQ,JAI SHREE SHIV SHAKTHI,jai shree shiv shakthi
blr,ChIJTXNec7kUrjsRzWmlWLX51vg,Abhiruchi Spicy Hotel,abhiruchi spicy hotel
blr,ChIJn5Ise_VrrjsR6UaZO8eakXc,ಹೋಟೆಲ್ ಸಪ್ತಗಿರಿ,hotel saptagiri
blr,osm_12412240592,Quattro Ristorante,quattro ristorante
blr,ChIJW4uGpBZzrjsRqFjVkAfZhT0,Dharmashastha Solutions,dharmashastha solutions
blr,osm_726158201,Gayathri Grand,gayathri grand
blr,ChIJSYNwqXZBrjsR5meHK-nMvh8,Prasad Bar And Restaurant,prasad bar and restaurant
blr,ChIJoVafUgBrrjsRRW66rnJLIj8,Ambika biryani corner,ambika biryani corner
blr,ChIJCQliMV5rrjsRNW6yNR0Iu1g,Mr. NAZEER AHMAD TUMBOLI STALL,mr. nazeer ahmad tumboli stall
blr,ChIJqeWn6NBFrjsRVtqnNtbwJ_c,ಟಾಟಾ ಆಟೋಕಾಂಪ್ ಸಿಸ್ಟಮ್ಸ್ ಲಿಮಿಟೆಡ್,tata atokamp sistams limited
blr,ChIJLV0XFgBtrjsRAYWJuO97Zf0,CRAVINGS,cravings
blr,ChIJ4SAMqHBrrjsRNQneJWN__m8,MAYURA BIRIYANI HOUSE RAGHAVENDRA V M,mayura biriyani house raghavendra v m
blr,osm_10159788166,The Persian Terrace,the persian terrace
blr,osm_10197286017,Paratha Plaza,paratha plaza
blr,ChIJV8i0-34_rjsRqYULY2C9654,Uttar karnataka jollada rotti hotel,uttar karnataka jollada rotti hotel
blr,ChIJGxBNDLdrrjsR_WIhtZiUE5s,Amma's Ambur Dum Biryani & Kabab Centre,amma's ambur dum biryani & kabab centre
blr,ChIJPaI5TVA5rjsRigbCEtGlFjI,FIVE STARS,five stars
blr,osm_4446989153,Halli Dhaba,halli dhaba
blr,osm_5804561676,California Burrito,california burrito
blr,osm_10111815207,Orbis,orbis
blr,ChIJLd4Sfqg_rjsRO2_0CTdu8rg,Mahadevaiah Shiva Kumar,mahadevaiah shiva kumar
blr,osm_3760253378,Oh! Calcutta,oh! calcutta
blr,osm_4847294835,Brigade Garden,brigade garden
blr,ChIJrf6L5icVrjsRkMHztrBquiU,SUJAN STALL,sujan stall
blr,ChIJTQP9hZlDrjsRclcULf8eunQ,The Cafe,the cafe
blr,ChIJF-ZCA0hzrjsRR61L7gOZPyg,Highway 35 Restro,highway 35 restro
blr,ChIJjYWAq5dsrjsR2Ak5MIxEpic,SUGUNA SHAKTHI CHICKEN CENTRE,suguna shakthi chicken centre
blr,ChIJhRWcE5prrjsRB3lBMBRnxG0,Rajweta Foods & Tiffin Service,rajweta foods & tiffin service
blr,ChIJRVnsciFBrjsRh6ljDjvhFXM,HELLO MAGHAI PAN SHOP,hello maghai pan shop
blr,osm_577386395,MintLeaf,mintleaf
blr,osm_6201924576,Marusa Food Family Restaurant,marusa food family restaurant
blr,ChIJ0T-j7GU_rjsR9iqcBGqxQ7U,Davanagere Benne Dose ದಾವಣಗೆರೆ ಬೆಣ್ಣೆ ದೋಸೆ,davanagere benne dose davanagere benne dose
blr,ChIJTdUYA6trrjsRYKgC330Hd8E,Jyothi Tiffin Center,jyothi tiffin center
blr,osm_7140680686,Treat Kitchen,treat kitchen
blr,ChIJy-IlfwBzrjsRSC2br13anH0,Masli Konkan style Seafood Cafe,masli konkan style seafood cafe
blr,ChIJCe6N8VtBrjsRZIurvfcxEYw,HKGN HOTEL SURAYA BANU WO MURTUJA SAHEBA,hkgn hotel suraya banu wo murtuja saheba
blr,ChIJ1eRxKx9GrjsRAHAwzDTW2pA,HOTEL GOWTHAMI,hotel gowthami
blr,osm_673860156,Nikki's Pub & Restaurant,nikki's pub & restaurant
blr,ChIJS_V_gGQVrjsR5e-SdmQ4Bgk,Vishnu upahar,vishnu upahar
blr,ChIJh2CnPAATrjsRVvlRz-yT9sU,Military hotel,military hotel
blr,osm_12118862842,Ghee Roast Company,ghee roast company
blr,ChIJm4y-rj0_rjsRIUTpOJZ6fq4,Sree Annapuraneshwari Tiffanies,sree annapuraneshwari tiffanies
blr,ChIJuxy8qu9BrjsRlQ1GYd-q-ew,Eating Love - Kanakpura Road,eating love - kanakpura road
blr,ChIJfxgjGnBBrjsRrrmsbZJr2rc,Indian Chicken Center,indian chicken center
blr,ChIJE3evvxwTrjsR4v8-phu9vZg,The Chef Vikram Singh's Kitchen,the chef vikram singh's kitchen
blr,ChIJgXyA1nlurjsRWOfcvhMox9M,Banny Deeksha Hotel Tours & Travels,banny deeksha hotel tours & travels
blr,osm_12088455650,Muthashy's Restaurant,muthashy's restaurant
blr,ChIJQzMpLSFtrjsRTnuGLjmgLak,A6 Veggies,a6 veggies
blr,ChIJEx2WKpBprjsRGuYRaToeyOE,A M CHICKEN CENTER,a m chicken center
blr,osm_1375978290,Ammi's Biryani,ammi's biryani
blr,ChIJC0sq08NprjsRzVx-UWcsLFU,Aadya Shakti Provision Store,aadya shakti provision store
blr,osm_4315678625,Salt Canvas,salt canvas
blr,osm_12272838623,Shree Cafe,shree cafe
blr,ChIJo34nTjdtrjsRLRqu6ucZQNE,New Rajasthani Pakwaan,new rajasthani pakwaan
blr,ChIJKyyO94kUrjsRNzI6ajTRkko,Subway Dommasandra Sarajapur,subway dommasandra sarajapur
blr,ChIJncW365ZrrjsRXLG9XXHUEFI,PREETHAM GOBI MANCHURI CENTER MR NAGARAJU R,preetham gobi manchuri center mr nagaraju r
blr,osm_13013588749,Riko,riko
blr,ChIJISo7QeIVrjsRK7waukOAD58,KaatiZone Rolls & Wraps,kaatizone rolls & wraps
blr,ChIJTznMyHdHrjsROYq3KayP4Hk,Daimary Chineese Indian Hotel,daimary chineese indian hotel
blr,osm_561049118,Nandhini Andhra Hotel,nandhini andhra hotel
blr,osm_1375978284,Adyar Ananda Bhavan,adyar ananda bhavan
blr,ChIJD-wdOwBxrjsRvTfbCM-_EUE,Aslam Khan Demrot,aslam khan demrot
blr,osm_1752226886,Odia Mess,odia mess
blr,ChIJ2UOVFtZtrjsR8MNyg_L1TZg,Sri Vinayaka Bakery,sri vinayaka bakery
blr,ChIJMcARe-U4rjsR-qwIhzbgW2s,HKGN chicken stall,hkgn chicken stall
blr,osm_3541884418,Nanda's,nanda's
blr,osm_665871279,Hotel Empire,hotel empire
blr,ChIJG2h6afMUrjsRR8wUgWrdPZA,Kebab and Biryani,kebab and biryani
blr,ChIJK0J6KwA_rjsRUyfaxUXlt5U,Emperor Dosa Camp,emperor dosa camp
blr,ChIJg9BMpLtzrjsRFx-uk1nIheI,Sparsh cafe,sparsh cafe
blr,ChIJCdGgKK1BrjsR2_JR_V3waw0,Vinayaka Hot Chips Ravi,vinayaka hot chips ravi
blr,ChIJA41bUwBrrjsRrUm0HPW2XqQ,Asha Poojari,asha poojari
blr,osm_4119294793,Kritunga Restaurant,kritunga restaurant
blr,osm_4843100427,Snack dine meet,snack dine meet
blr,ChIJWRlsGwBzrjsR_eHR-1Zf-lc,Timroy Dum Biryani,timroy dum biryani
blr,ChIJ892EGwBtrjsRE0mVdD2Iq1M,Sriram’s Kitchen,sriram’s kitchen
blr,ChIJ755j3FVrrjsREh0F6Pz3K4k,Vaishnavi's Spice Kitchen,vaishnavi's spice kitchen
blr,ChIJ13bWbgATrjsRxd4jlJiBT1k,K.V towers S.L.V,k.v towers s.l.v
blr,ChIJufg9AfBtrjsR0USKE8cTI5g,Nothing,nothing
blr,osm_3217683310,Funky Punjab,funky punjab
blr,ChIJGTjpfwBtrjsRCPsRFdQLsV4,BIRYANI PALACE,biryani palace
blr,ChIJKeiJcgAVrjsRALvLpIfhJF0,Koreyang- Korean Cuisine,koreyang- korean cuisine
blr,ChIJlUhV6eZyrjsRUdRNyOEmDN4,Barkath Chicken Biriyani Hub,barkath chicken biriyani hub
blr,osm_7230109758,Hotel Annalakshmi Pure Veg,hotel annalakshmi pure veg
blr,ChIJx_-h_WpprjsRCJ40jekA03U,Ishwar Nagu Marati,ishwar nagu marati
blr,ChIJq9ggYQBDrjsRSxbXseH_ETE,NAMMURA THINDI,nammura thindi
blr,ChIJf5LRQQAVrjsRal4lkwg1skQ,The Belgian Waffle Co.,the belgian waffle co.
blr,osm_1791962125,Nandini,nandini
blr,ChIJ_dQlTi4WrjsRuSqfbl0DSA4,Taco Bell,taco bell
blr,ChIJLUPHpgtHrjsREwWR57xXdr0,Devu Family Restaurant,devu family restaurant
blr,ChIJ8-VbGLBprjsR1yIx9vQ5o_4,BBQ Mafia Jigani,bbq mafia jigani
blr,ChIJWwmuLAA_rjsRWFSdEcMQjpQ,Lekhana dhum biriyani,lekhana dhum biriyani
blr,ChIJF--jlntrrjsRMuO_g_DGXsA,ಬಾರ್ಬೆಕ್ಯು ನೇಷನ್ - ಬೆಂಗಳೂರು - ಎಲೆಕ್ಟ್ರಾನಿಕ್ ಸಿಟಿ,barbekyu neೕsan - bemgaluru - elektranik siti
blr,ChIJMZllrLQTrjsRI-Ho8icFkMQ,Pragnya Sagar Hotels & Resorts Pvt.Ltd.,pragnya sagar hotels & resorts pvt.ltd.
blr,ChIJXVbrRwBtrjsRgbz-b8sj8rQ,Surya grand hotel,surya grand hotel
blr,ChIJixHOncgVrjsRccgTqXRo27U,R.R garden bar and restaurant,r.r garden bar and restaurant
blr,osm_12809397079,Fifty50,fifty50
blr,ChIJ6_bbu1lprjsRNa0XsI-rWhY,ಶ್ರೀ ಓಂ ಶಕ್ತಿ ಫ್ಲೋರ್ ಮಿಲ್,sri om sakti phlor mil
blr,osm_12704428639,Sri Kanteshwara Hotel,sri kanteshwara hotel
blr,ChIJ1W6sfABzrjsR1Uekn-FNGXQ,I N BANGARPET CHATS,i n bangarpet chats
blr,ChIJ_9kksg9rrjsRSN1wmtVMiVc,Kababery,kababery
blr,ChIJ0-PfDSNrrjsRbN4n7w-Zjkw,KOLKATA FAMOUS KATTI ROLL,kolkata famous katti roll
blr,ChIJHZ7-0_hArjsRLawhmhrEd0I,Manjunatha Hotel,manjunatha hotel
blr,ChIJnyPNoB0_rjsRXvm2O9YT_NY,Tin tin restro cafe,tin tin restro cafe
blr,osm_11637864324,Taiki,taiki
blr,ChIJs480DAA_rjsRlJZJv7wb1fM,BBQ & Grills,bbq & grills
blr,osm_4447163802,Social,social
blr,ChIJeaAv2U5trjsR_ST9qLhGqy8,Sri Annapoorneshwari Veg Hotel,sri annapoorneshwari veg hotel
blr,osm_1474102127,Ohris,ohris
blr,osm_3458333999,Smoke House Deli,smoke house deli
blr,ChIJvS79Ukk_rjsR7bz5SA9NhR8,Kengeri Beeda Shop,kengeri beeda shop
blr,ChIJocL83gNDrjsR3RGDkS_KJJo,Bolare Huts,bolare huts
blr,osm_3971246020,Al Bek,al bek
blr,osm_11295513149,Hoy Punjab,hoy punjab
blr,ChIJlx8lMg4_rjsRS6Fi8KoyvI0,Manoj M,manoj m
blr,ChIJpy0RYQBtrjsRfzVrFseLSV8,Sri Lakshmi Tiffin center,sri lakshmi tiffin center
blr,osm_3761466913,Samruddhi,samruddhi
blr,ChIJnVkEQHJHrjsRtdxPP4D_8Ug,Hotel Surya,hotel surya
blr,osm_12676261388,Sangam Bar & Restaurant,sangam bar & restaurant
blr,ChIJy_wRDbFtrjsRwEztJfryLSc,SUVAIALAYA RESTAURANT,suvaialaya restaurant
blr,ChIJZUqRWgBrrjsRKjUmcwXfAo0,Shree Veerabhadreshwara Veg Hotel,shree veerabhadreshwara veg hotel
blr,osm_13013588744,Si Nonna's,si nonna's
blr,ChIJf4XvNllGrjsRCK2KJDv4W3M,ಮಾತೃಕ ಟಿಫನ್ ಮತ್ತು ಚಾಟ್ಸ್ ಸೆಂಟರ್,matrka tiphan mattu cats semtar
blr,osm_6807501871,Hassan Iyenger Bakery,hassan iyenger bakery
blr,ChIJgRRVd_xrrjsR6cncMPTkcSo,Dilli Chowk,dilli chowk
blr,ChIJV0tBLQBrrjsRTh41AgC7gXM,THE CHUTNEY,the chutney
blr,osm_1469196561,Siddique Kabab Center,siddique kabab center
blr,ChIJI0DwhHJrrjsRV8Z3kK1RTu0,LittiWala,littiwala
blr,osm_4844863351,Perfect corner,perfect corner
blr,ChIJSbbiMgA_rjsRiDbN8gWGusw,Halli Katte (Maha Natural Farms),halli katte (maha natural farms)
blr,ChIJ1f1H2ZJqrjsRi3p3LtQqPuw,KUK DOO KOO Chicken World,kuk doo koo chicken world
blr,osm_4445386697,The Biryani Cafe,the biryani cafe
blr,osm_2510960095,Deckers Lane,deckers lane
blr,osm_12122128698,Navathanyam,navathanyam
blr,ChIJf9ZvH9RrrjsRUDy9SAHOnsA,SRI BANASHANKARI MILITARI HOTEL,sri banashankari militari hotel
maa,ChIJbwhrOgBhUjoRJ8VW6V8XXCU,Mallu Delicious,mallu delicious
maa,ChIJ4bSXh95hUjoRuxXwkDvSTNI,RISHI FAST FOOD,rishi fast food
maa,ChIJxfneTBFdUjoRdtfCjGIyEo4,VALAR'S KITCHEN,valar's kitchen
maa,ChIJj30g5g9bUjoRHFoGHhDQbpg,City Fish Mart,city fish mart
maa,ChIJ_UCHOpRfUjoR0IOST-oTzS4,"Namma Veettu Sappadu SANGEETHA CHETTINADU UNAVAGAM, MADAMBAKKAM","namma veettu sappadu sangeetha chettinadu unavagam, madambakkam"
maa,ChIJMTy8h9CLUjoRCC5V4XtxgOg,A1 Beef Paradise,a1 beef paradise
maa,ChIJ3_WeG3ZfUjoRwKKTmPwHsUk,MOSHI SOUP STALL,moshi soup stall
maa,ChIJKzW0_MFfUjoRSGEd9nY__Do,Hotel AR Rahuman Biriyani ARR,hotel ar rahuman biriyani arr
maa,ChIJX6r8CJL1UjoRlAbk0QAtq6w,SKY STARS ENGINEERING ஸ்கை ஸ்டார்ஸ் இன்ஜினியரிங்,sky stars engineering sghai sdhars injiniyarin
maa,ChIJe3xCtHpfUjoRX_1FG-7Pf6I,The kaveri cafe,the kaveri cafe
maa,ChIJY-N6PIr1UjoRFzpYjuGQTjA,காயத்ரி டிபன் & ஸ்நாக்ஸ் சென்டர்,ghayadhri dhibhan & snaghs jhendhar
maa,ChIJeYdF9LlfUjoR3N90RDkj0Uo,Rainbow Tiffin Center - Murugesan SP,rainbow tiffin center - murugesan sp
maa,ChIJQ8mzGyhfUjoRBVAZ_zzkZ8E,New Gnanam Aappa Kadai,new gnanam aappa kadai
maa,ChIJ6xEiALxhUjoRgqjlSGuikVE,Aathilakshmi Hotel,aathilakshmi hotel
maa,osm_1069489829,Delhi Hotel,delhi hotel
maa,ChIJL4SPveNhUjoRt2yPz8dfZ9U,S.L.V Gandhiraj Tea stall,s.l.v gandhiraj tea stall
maa,osm_3687823820,Sea emperor,sea emperor
maa,ChIJnbnyxJb3UjoRXkxjB2ZedlA,Ecstasy Resto Cafe,ecstasy resto cafe
maa,ChIJn-z7bABdUjoRhRCIR9n7o-4,Bayakaa,bayakaa
maa,ChIJK3NPN1P1UjoRVKpfkBzGVjc,SK BOSS pani puri center,sk boss pani puri center
maa,ChIJBVcYTRFfUjoR87gBpBFLRtc,Sri Balaji Bhavan,sri balaji bhavan
maa,osm_360806894,Wangs Kitchen,wangs kitchen
maa,ChIJW6IUqP5ZUjoR3mAjT_k_AP4,MG Snacks,mg snacks
maa,ChIJvV0fhreKUjoRcQ2jl1OZlsE,HOTEL YOGESH,hotel yogesh
maa,osm_10933383023,DabeliWala,dabeliwala
maa,osm_1260815893,Top City,top city
maa,ChIJA2T_o4tfUjoRyQ_9B1ltbi0,Akka Kadai,akka kadai
maa,ChIJdfBBMABhUjoRw8r8x7AGPio,VMS HOTEL Kovur Eb down,vms hotel kovur eb down
maa,ChIJmxSxNAD1UjoRRiu9OfLgzyU,Paatti's Kaimanam - Chettinadu Family Restaurant,paatti's kaimanam - chettinadu family restaurant
maa,ChIJY-h_Hu9bUjoRLjVbtn8LPsc,Splash | Sports Cafe | Perumbakkam,splash | sports cafe | perumbakkam
maa,ChIJ9w2iVsxdUjoRZc-JfjnLbHs,The Momo Truck,the momo truck
maa,ChIJdaupZotdUjoRD2bhAaZ3EMc,Street Momos,street momos
maa,ChIJIW9RIO5bUjoR8tmp2XDXPVQ,Bismi Biryani,bismi biryani
maa,ChIJwTZoA55dUjoR9zCG_PUdCik,The Cake Baker's,the cake baker's
maa,ChIJjVrzHAFfUjoRpjfqHj1k3-Y,MARUTHI VEETU SAPPATU,maruthi veetu sappatu
maa,ChIJD9BP8KxdUjoRzvJ9RENZB9g,ECR BRIYANI SPOT,ecr briyani spot
maa,ChIJ0-sJKvpdUjoRmRadK_85Szg,Sai snacks time,sai snacks time
maa,ChIJj43RNmJnUjoRQC7Es9i5MQM,Annam Cafe,annam cafe
maa,osm_3687697987,Gokulam,gokulam
maa,ChIJFboQR2FnUjoRofvirNYWa7A,Sri Ragavendra Catering Service,sri ragavendra catering service
maa,ChIJlYh87kZfUjoRebjyhERLjVQ,The Cafe Chennai,the cafe chennai
maa,ChIJh6OxH0lcUjoRHSciKxdQT0M,Bharathi Idli Kadai,bharathi idli kadai
maa,ChIJieEOtOheUjoRIwHJHZ9HkYE,S.M. பிரியாணி,s.m. bhiriyani
maa,ChIJk_KQF1lcUjoRddcLVQHIahw,ದಿ ಪಾಸ್ತಾ ಲ್ಯಾಂಡ್,di pasta lyamd
maa,ChIJWycj8pNnUjoR-n2-MIe02ss,Prems Graama Bhojanam,prems graama bhojanam
maa,ChIJ1WpTQQBZUjoRbNQ4lTuQZGw,Zan Cafe,zan cafe
maa,ChIJ1YXVcmtdUjoR1NO6bAPGOV0,Yash Tea Stall,yash tea stall
maa,ChIJH8e1MS1eUjoRFlJ9dcvxcEI,Aambur Biriyani,aambur biriyani
maa,ChIJ7SMdZPNnUjoR-7rHRwLh_Qo,"ಜೈತೂನ್ ರೆಸ್ಟೋರೆಂಟ್, ಅಡ್ಯಾರ್","jaitun restoremt, adyar"
maa,ChIJwSPsOgBdUjoREpTQCuxR5fI,SK FAST FOOD,sk fast food
maa,ChIJOdumcjdeUjoR1hHW91ik33Q,ಅಣ್ಣಾಮಲೈ ಹೋಟೆಲ್,annamalai hotel
maa,ChIJU59zhQpfUjoRafOtF2CPXXA,Wow! Momo,wow! momo
maa,ChIJ0QJhF3FcUjoRo29QSVdTYsQ,ಕರ್ಸ್ ಎನ್ ಕ್ರಂಚ್ ನಾನ್ ವೆಜ್,kars en kramc nan vej
maa,ChIJkXDnht9fUjoR114excTCF5g,அம்மா உணவகம்,amma unavagham
maa,ChIJ2WjHWgBbUjoRw_PMrMA8EKo,Annapurnas From the house of Bengal,annapurnas from the house of bengal
maa,ChIJobtOt7NnUjoRjZ3aS_4BarM,Akka Kadai,akka kadai
maa,ChIJX5sLFHdfUjoRkRouPI-AnyA,ನಾಗರ್ ಚಿಕನ್ ಸೆಂಟರ್,nagar cikan semtar
maa,ChIJNSOMDABfUjoRkbT1NPubsv8,Madras Ruchi Briyani,madras ruchi briyani
maa,ChIJJdA1oXtnUjoRMj5gxMFZxfM,Beef Zone,beef zone
maa,ChIJPyDrcCddUjoRO5RmPBmgSS4,Vedha foods,vedha foods
maa,ChIJmUBeqDtdUjoRL1x9CoUfQGg,Haagen Dazs ECR,haagen dazs ecr
maa,ChIJO_kVjNphUjoRK5tdlNBgllM,NEW ARCOTBIRIYANI,new arcotbiriyani
maa,ChIJeyrrKoZeUjoR05RoRwJo7lw,SRI KRISHNA HOT SOUP AND SNACKS,sri krishna hot soup and snacks
maa,ChIJ5zu47b5ZUjoR5iPZ6ryCCBg,BROTHERS Stall,brothers stall
maa,ChIJXdrCg_xdUjoRlJpAlIvr31A,"Zaitoon Restaurant, ECR","zaitoon restaurant, ecr"
maa,ChIJhTQYxp5hUjoRhWsaAWG_uSY,ST HAYDRABAD BIRIYANI,st haydrabad biriyani
maa,ChIJuUa9KgBfUjoR1U0Q-DTlEa8,Nafeez Restaurant,nafeez restaurant
maa,ChIJt4Bk6XFeUjoR7avE9-7iZ3Y,Al-Malik Biryani,al-malik biryani
maa,ChIJ55uwusb1UjoRmdwE5azoSEg,Ebenezer Family Restaurant,ebenezer family restaurant
maa,ChIJUQPihwtfUjoRYUda5OiwfHY,GINGEE KOTTAI DHANAN BIRIYANI,gingee kottai dhanan biriyani
maa,ChIJ1RymKYldUjoRia9E4JgHAN4,ಹಿ ಫಿ ಎ/ಸಿ ಬಾರ್,hi phi e/si bar
maa,ChIJDQEKpidhUjoRFDDMc4jK2pA,Amma Unavagam,amma unavagam
maa,ChIJzYkxF3JfUjoRIHdbiFWDwxk,MADURAI MESS,madurai mess
maa,ChIJRSEqMClmUjoRiQinmnLeH98,V2 Privé Pure Veg Multi-cusine Restaurant Mylapore,v2 prive pure veg multi-cusine restaurant mylapore
maa,ChIJHTF7YQBfUjoR0_mjTpta3lU,Chokkan cafe,chokkan cafe
maa,ChIJs_YGMsNZUjoRVRr6iJEPYaU,RKR PROTEINS,rkr proteins
maa,ChIJJ9kGHQBbUjoRkUMVrpbP1rI,Idly Cart,idly cart
maa,ChIJyfmwG5FfUjoRwBhkVoqA0lQ,GREAT ALBATROSS BBQ COMPANY,great albatross bbq company
maa,ChIJZSeo9a9dUjoR3635wqsY_0g,Night Tiffin Restaurant,night tiffin restaurant
maa,osm_10883889408,Seiko Grill,seiko grill
maa,ChIJWyO6ccpfUjoRHFPn0LDCaLc,Dosa Seasons,dosa seasons
maa,ChIJEyqQ54RbUjoRP1nVriJEovM,Mathiya Undi (Ur Lunch Taken Care),mathiya undi (ur lunch taken care)
maa,ChIJRc1LwYBdUjoR1Ix-iGZwh0I,Feast Pizza Perumpakkam,feast pizza perumpakkam
maa,osm_1152815698,Olive's kitchen,olive's kitchen
maa,ChIJk_-bQmphUjoRVPJaQE7djrA,Krishna Samosa,krishna samosa
maa,ChIJV6wCR3JdUjoRFPRD77BQ0ns,Cravings of Sowcarpet,cravings of sowcarpet
maa,ChIJ3x3A2NX0UjoRXJEhlqmlVIQ,ಹೋಟೆಲ್ ಪಾಂಡಿಯನ್,hotel pamdiyan
maa,ChIJkaH-JQBhUjoRvSte3b47V1Y,Tiffin Stall,tiffin stall
maa,ChIJN36Ng-RgUjoRNMowd9bRCj8,Sri Venkateswara Tiffen Center,sri venkateswara tiffen center
maa,ChIJ5cm2J1RdUjoRlk4jJdLBEso,Hunger food and snacks truck,hunger food and snacks truck
maa,ChIJFfsfSHxfUjoRezba2f1ABfg,Hotel Sri Murugan,hotel sri murugan
maa,osm_10038809126,Spectra,spectra
maa,ChIJbRKN6TtdUjoRLrGwnxm54Ck,The Manam,the manam
maa,ChIJBb_vewD1UjoRpDnP3Jd51nU,TKM prasanna chicken centre,tkm prasanna chicken centre
maa,ChIJ13nWT9NbUjoRI7epxIay1WM,Bismillah hotel,bismillah hotel
maa,ChIJ70FTKzxgUjoR_hktNAFl0VQ,Five Star Chips & Snacks,five star chips & snacks
maa,ChIJ586OEX33UjoRLRELPaU0GpM,Mamiyaar Kadai,mamiyaar kadai
maa,ChIJvzR9mNBmUjoRbqC8wVngvVw,ಡೊಮಿನೊಸ್ ಪಿಜ್ಜಾ,dominos pijja
maa,ChIJu2Vp2btpUjoRLIHS5Uq6uPg,ಕುಮಾರಿ ಹೋಟೆಲ್,kumari hotel
maa,ChIJG7YyO0z1UjoR74QOcw4TVC0,ದಿ ಚೆನ್ನೈ ಫ್ಯಾಮಿಲಿ ರೆಸ್ಟೋರೆಂಟ್,di cennai phyamili restoremt
maa,ChIJ93q84LxdUjoRHcrTnllt7fk,Sai Kozhukkattai,sai kozhukkattai
maa,ChIJeZ2ID9ZhUjoRXK8mYXi8Xf4,Lassi Galaxy Cafe,lassi galaxy cafe
maa,ChIJZ7sYlTj1UjoROIKf_1rHGC8,Bethel Food Court,bethel food court
maa,ChIJoxmSt_NfUjoRJ0IktWgdbb0,WOW China,wow china
maa,ChIJ_zF7Rg71UjoRpAuY9Y432A0,G P BROILERS 1,g p broilers 1
maa,ChIJBwFGEZNdUjoRbDMRS8R9Eho,Bakestagramz,bakestagramz
maa,ChIJ71hTQwBdUjoR7ks_IoVF9Dc,Mathura Vihar - Bangalore Tiffin House,mathura vihar - bangalore tiffin house
maa,ChIJdag9c_lgUjoRMoAdumQ_lfM,Sri Rakkammal,sri rakkammal
maa,ChIJm8_7ltxdUjoRb9xxbz0arhc,Aadhya lasso,aadhya lasso
maa,ChIJ4zejAbBdUjoRH69hjZxcegs,Nanda Devi Mess,nanda devi mess
maa,ChIJ61im86pfUjoRo1e0WvsYG4U,Al Arshadh briyani & Fastfood,al arshadh briyani & fastfood
maa,ChIJIYpZ_VZnUjoR9JvE2Zj4lQc,Kirubai Tiffen Center,kirubai tiffen center
maa,ChIJPWxvHO5dUjoR9jfcPpWNdCg,Aparna Biryani,aparna biryani
maa,osm_1990726883,Gangotree,gangotree
maa,ChIJpXafFwD1UjoRhMRau1V1mak,Sai food magic,sai food magic
maa,ChIJAyhdxIRdUjoRf11pfViOsaM,Meharaj Chicken Protein,meharaj chicken protein
maa,ChIJL11FgCVnUjoRi02NB-z34UQ,Jennifer Fish Stall,jennifer fish stall
maa,ChIJccqkKgCLUjoRrd1K_74BRlA,Meenkulambum karuvattu thokkum,meenkulambum karuvattu thokkum
maa,ChIJJ1dR3yJcUjoR01O_8fQGzz0,Chips Express,chips express
maa,osm_6611585677,Muthamiz Hotel,muthamiz hotel
maa,ChIJmzCodABdUjoRJzLcPO-m91A,BLISS ON a PLATE,bliss on a plate
maa,ChIJH9itYShnUjoRaaLx2TvgRzk,AMMAI APPAN BHAVAN 1,ammai appan bhavan 1
maa,osm_378691598,Hip Asia,hip asia
maa,ChIJ00Kg-0peUjoRJt4R9mGEz7M,ಫ್ರೆಶ್ ಎನ್ ಟೇಸ್ಟಿ,phres en testi
maa,ChIJRUwDgUBdUjoRArQ2iF-C8As,KFC,kfc
maa,ChIJCQDF4y5fUjoRM_K55VMQCvA,AAA Biriyani (Bhai Veetu Biriyani),aaa biriyani (bhai veetu biriyani)
maa,ChIJX1GoyZRfUjoRMBbULziH_CQ,Senthur Bhavan,senthur bhavan
maa,ChIJzz71myhhUjoRgKEkcq2NIlc,Tiffin,tiffin
maa,osm_10742858734,OSCAR Restaurant,oscar restaurant
maa,ChIJvQsILJpfUjoRrnFcJM19n5M,Al kabeer biriyani,al kabeer biriyani
maa,ChIJwXiSSQ9nUjoReWKI8CM1-Hg,Nitebite Restaurant,nitebite restaurant
maa,ChIJXe-3vV1gUjoRsG6QWpL6ELA,அமிர்தம்மாள் ஸ்டோர்,amirdhammal sdhor
maa,ChIJD9pKT1VeUjoRRw-ha8oFfcQ,Grills N Fries,grills n fries
maa,ChIJAaaqwOBgUjoRAAAAsNztsFs,Nellai Fruits And Juice,nellai fruits and juice
maa,ChIJeejIwh9nUjoRAECi86e0-qM,Anjappar Chettinad Restaurant Adyar,anjappar chettinad restaurant adyar
maa,ChIJ1zYV_L1eUjoRMzAYt3eSC3s,Hotel Sri Malaimagal,hotel sri malaimagal
maa,ChIJDYXCrdheUjoR6wtVuySIQKA,"Domino's Pizza | Ranganatha Nagar, Chennai","domino's pizza | ranganatha nagar, chennai"
maa,ChIJy-vinmVeUjoRrJ6AN1fp_eM,CRC Bar,crc bar
maa,ChIJDWBvWNdgUjoRetCwbDjY_qg,Chill cafe,chill cafe
maa,ChIJvRTdHhtfUjoRQeUND8x9GMc,Burger King,burger king
maa,ChIJq-p7icVeUjoREP1jGA0s1ho,Royal malaysian soup & Biriyani,royal malaysian soup & biriyani
maa,ChIJ-7THMVBdUjoRswCatJCU2Ko,ambur kadhar basha briyani,ambur kadhar basha briyani
maa,ChIJtbuJCr9dUjoRrczxXBqydWo,Chicken Feast,chicken feast
maa,ChIJ8XPLUQBfUjoRQew4HBZtzCM,Vasanth Proteins,vasanth proteins
maa,ChIJdzLmLYz1UjoRt6R3uvhZr6o,ROYAL BRIYANI AND FAST FOOD,royal briyani and fast food
maa,ChIJy14ojxNfUjoRnJNr_8M4YXo,Meals On Wheels,meals on wheels
maa,ChIJeYfmdSlZUjoRYvjLHB4j1ms,ಸುವೈ ಉಣವಗಂ,suvai unavagam
maa,ChIJN3pW2JRbUjoRWTfjDEFlZ6s,SRI AMMAN HOT CHIPS,sri amman hot chips
maa,ChIJ17sE8PhcUjoREg__kXlzwKw,Friends Fast Food,friends fast food
maa,ChIJyyaD6t5nUjoRxWgdcsQ3DlI,ಚೀನಾ ಕ್ಸೊ,cina kso
maa,ChIJwXAH9dn1UjoRgqNhko08CzM,MUMMY KITCHEN,mummy kitchen
maa,ChIJ5xGJWc9gUjoRavt9micKMks,Vazhiyoram Restaurant,vazhiyoram restaurant
maa,ChIJ606llvpnUjoRvrFnU2QjuSk,Besant Fast Food,besant fast food
maa,osm_9980882521,Anna Viruksham Vegetarian Restaurant,anna viruksham vegetarian restaurant
maa,ChIJhSdjM5ZcUjoRJYgK5J35NgM,By the Bay Restaurant,by the bay restaurant
maa,ChIJk1SWP99fUjoR2ztt7Iqdopc,Rajas sweet and bakery,rajas sweet and bakery
maa,ChIJM-KCiPdhUjoRkEhCc4dqmdg,Hotel Alagar,hotel alagar
maa,ChIJ7zTpyNhfUjoRJ6VALxnYLfg,Sk soups &snacks,sk soups &snacks
maa,ChIJoV3ih4RdUjoRgYEtWIQZ6Eo,Bowl And Roll Theory,bowl and roll theory
maa,ChIJxRmhXGRfUjoRtjsHheANPX4,MSRK FOODS,msrk foods
maa,ChIJZ4trqQr1UjoR6FsHZ88n-BU,SRI DEVI KITCHEN,sri devi kitchen
maa,ChIJse4PoYZdUjoRSCe7D2Kr6jA,Salakaydoom restaurant,salakaydoom restaurant
maa,ChIJKez1JQBhUjoRDyFZ5uiH5x4,New star biriyani,new star biriyani
maa,ChIJ_SVUwcVfUjoRuPWy_K1bAsE,RATHINAM HOTEL,rathinam hotel
maa,ChIJnQQZFrddUjoRP9R3Kzb26c0,Yenunga_ithu_thattuvadainga,yenunga_ithu_thattuvadainga
maa,ChIJC5TMgJphUjoRhLX2c1cqez4,Bihari Dhaba,bihari dhaba
maa,ChIJw6kWhQVnUjoRARlX0ziqtj0,Amma Unavagam,amma unavagam
maa,ChIJu18iVwBbUjoRnDQstidkkEE,Grill nights,grill nights
maa,osm_2424060961,Amma Canteen,amma canteen
maa,ChIJEXGPzmJdUjoROqAZ3HAGxl8,Highway Motel,highway motel
maa,ChIJhdmmWRddUjoRdEYIwYDM_ek,Thangaraj Food Corner,thangaraj food corner
maa,ChIJ2RP4waRhUjoR7oysewL4P9Y,G. M. Fish Fry Stall,g. m. fish fry stall
maa,ChIJHSge0tH1UjoRoIvzQdwd7hs,METRO HOTEL AND FAST FOOD,metro hotel and fast food
maa,ChIJ32hgrQhnUjoR-QTlhD97VDU,Meat And Eat,meat and eat
maa,ChIJbYLa6GhmUjoRMuSbwOSDq3k,The Canton Restaurant,the canton restaurant
maa,osm_3568386700,Ganambal Idly Shop,ganambal idly shop
maa,osm_891825398,Mascarpone Cafe,mascarpone cafe
maa,ChIJM_YaeABfUjoRICa0NJ0wGEs,VP AMBAL CATERS,vp ambal caters
maa,ChIJSSO6BVlgUjoRFe38LdNaoqY,Raja Hotel,raja hotel
maa,ChIJHxXVMYNhUjoRAr-FbYHERy8,Kalaesha Chicken Mutton Stall,kalaesha chicken mutton stall
maa,ChIJRXYhWABhUjoRKWwwzhhICeI,TN 85 ATHO KADAI,tn 85 atho kadai
maa,ChIJC0lQuCxhUjoRybOrelm6hw8,The Curry House,the curry house
maa,ChIJpanmWFJfUjoRU_pCXcat5Xs,The High Joint - Tambaram,the high joint - tambaram
maa,ChIJz83o6tdnUjoR36MyzEmD2-M,Palmshore Santhome,palmshore santhome
maa,ChIJnSBbBgJhUjoRUKCxS-jWMM4,Riyona caffe,riyona caffe
maa,ChIJH5eVV5RfUjoRn1rQpd3WEV4,ஸ்ரீ சுயம்புலிங்கம் ஸ்டோர்ஸ்,sri jhuyambhulingham sdhors
maa,ChIJd0s_eaVdUjoReEw3qPhQLo4,"Pizza Hut | Thoraipakkam, Chennai","pizza hut | thoraipakkam, chennai"
maa,ChIJzbvXseFdUjoRnOEdvF5iIu0,ಸ್ನೋ ಕ್ಯೂಬ್,sno kyub
maa,ChIJtwVbl9pmUjoR07Dlstm7Cu0,Burmese Kitchen,burmese kitchen
maa,ChIJhafJ80mLUjoR2ocEk7q8LHs,ASHRAF HOTEL,ashraf hotel
maa,ChIJjRs-RQFdUjoR3AWcH_anqc8,Take A Break,take a break
maa,ChIJL27cAxpfUjoRAnwO3kafplc,Virgin cafe,virgin cafe
maa,ChIJFeL0LgBhUjoR6pBYFmoaih4,Dosa to Dhaba Veg Restaurant,dosa to dhaba veg restaurant
maa,ChIJKwjx5lZfUjoRB5_UmEc7q7A,HARINI HOT & COOL,harini hot & cool
maa,ChIJywbMLwBdUjoRK1Ag3lUCbrM,Mirthula hotel,mirthula hotel
maa,ChIJeZmaYDRcUjoRgjMruutcYC4,Sri Moni Bhavan,sri moni bhavan
maa,ChIJm8tyAwBfUjoRMJsLjxMitPM,Pista House Haleem - Chromepet,pista house haleem - chromepet
maa,ChIJ____P0lnUjoRvtMbcpJJLRk,Adyar Ananda Bhavan - A2B,adyar ananda bhavan - a2b
maa,ChIJZ7BF3gNgUjoRSxzZzheRcv8,Mangadu Sri Balaji Bhavan,mangadu sri balaji bhavan
maa,ChIJGeYn5n9oUjoRoZTWPN2WSkw,Al-Arafath Multi Cuisine Restaurant,al-arafath multi cuisine restaurant
maa,ChIJCdJKNwD1UjoRcR2R_HbhYDU,ALIF SS BIRYANI,alif ss biryani
maa,ChIJmcnlBM31UjoRWLFzF6V4xrI,Om Saravana Bhava,om saravana bhava
maa,ChIJ29byShFfUjoRj_uvvNFx3jQ,Sai Balaji Bhavan,sai balaji bhavan
maa,ChIJY8oTnjRcUjoRPpMbjx7eO9w,"Amma Unavagam, Narayanapuram","amma unavagam, narayanapuram"
maa,ChIJlxzTBQBhUjoRLTP9BidswWk,Kadera biriyani,kadera biriyani
maa,ChIJiRR_Fh5fUjoRpXMSrWYO2Fg,ಆರ್.ಕೆ. ಪಾಂಡಿಯನ್ ವಿಲಾಸ್ ಹೋಟೆಲ್,ar.ke. pamdiyan vilas hotel
maa,ChIJ9Q54UxdfUjoRhsG91XLXYHE,Anandi Idli Kadai,anandi idli kadai
maa,ChIJu8O9-fz1UjoRxJChN65li3Y,Farah Chicken & Mutton Mart,farah chicken & mutton mart
maa,ChIJb41CRvlnUjoRd7M2jPyUvd8,Murugan Idli Shop,murugan idli shop
maa,ChIJ_096TQBnUjoRswHulTWp_T8,Vajra catering IITM canteen,vajra catering iitm canteen
maa,ChIJU2w12ClfUjoRL4qyylzqvPY,Sey Tribe Barbeque,sey tribe barbeque
maa,osm_330654135,Quark,quark
maa,ChIJ-Za1WWtnUjoRqNsIcIbyCoA,Pulse,pulse
maa,ChIJ_R19Z_tnUjoR42HHndDD6yQ,ಟೇಸ್ಟಿ ಜೋನ್ಸ್,testi jons
maa,ChIJxcmwbQBbUjoR4nHxBLWzx6o,Velidis Restaurant,velidis restaurant
maa,ChIJN07ORgBfUjoRLS12Ka23HY8,Madurai koorai kadai,madurai koorai kadai
maa,ChIJt0aZFvxnUjoRBE49T-N9d8s,ರಸಿಕ ಫಿಶ್ ಸ್ಟಾಲ್,rasika phis stal
maa,ChIJ-UTgk15fUjoR_ly3xyK_id8,Sakthi Vinayagar Hotel,sakthi vinayagar hotel
maa,osm_11309436650,A1 Fast Food,a1 fast food
maa,ChIJlRZsD0BfUjoRXtuwt29P_fs,Kirthika Hotel,kirthika hotel
maa,osm_9983048500,Broadway Biriyani,broadway biriyani
maa,ChIJ67ptEUJhUjoRPJSr776K-1E,Faith Fast Foods,faith fast foods
maa,ChIJX69B9AteUjoRDtBCW8_qODA,Qzone Exports,qzone exports
maa,ChIJQWjDfwD3UjoRXdnmzcn47Ao,Rahman dum biriyani,rahman dum biriyani
maa,ChIJP2kfRYZdUjoR27yRHKLP92Y,Amma Unavagam,amma unavagam
maa,ChIJE0J8CABdUjoRBScYzj2yQlQ,Vimal Fastfood,vimal fastfood
maa,ChIJ_87w8ztfUjoRUAneAy8R2mE,KUDANTHAI MAAMI MESS,kudanthai maami mess
maa,ChIJZVwrmxNnUjoRrBrtOthIYEs,Mangos,mangos
maa,ChIJ4wjiwVJpUjoRbbDsh06OK5w,Albert Kitchen,albert kitchen
maa,osm_365269904,Bombay Halwa House,bombay halwa house
maa,ChIJgRA6tnVfUjoRBZTgqRB9G7M,ASK -Absolute southern kitchen,ask -absolute southern kitchen
maa,ChIJ6cYgUhGLUjoRUIO27idrA7Y,Hotel Elumalaiyan,hotel elumalaiyan
maa,ChIJsfY8BvhfUjoR9p3euCQfcrY,MAHESH CHETTINADU HOTEL,mahesh chettinadu hotel
maa,ChIJ7b1M2vhfUjoRsbNoHdu3HsQ,De Marval,de marval
maa,ChIJtZz2PENgUjoR51Em6kkARY0,Arcot Biriyani,arcot biriyani
maa,ChIJDfkj7lGLUjoRunZ5oVjI3fU,Tenkasi Parotaa Restaurants - Nazarathpet,tenkasi parotaa restaurants - nazarathpet
maa,ChIJW7GzvltfUjoRS0hCtRDW6k4,Hotel Thoothukudi,hotel thoothukudi
maa,ChIJh5ySQgBfUjoR_OyCkhKdzIg,Area 51 restaurant,area 51 restaurant
maa,ChIJ58VJCS1fUjoRYjPQUAH_r5s,KFC,kfc
maa,ChIJm6yc9FZnUjoRg1dITwLj2Gk,Annai Mess,annai mess
maa,ChIJJ98DFe9fUjoRdcRv66uqx3I,R.Charminar Biriyani,r.charminar biriyani
maa,ChIJA_RKI1NnUjoR9opUzVVAN-M,Ambur royal briyani and fast food,ambur royal briyani and fast food
maa,ChIJmaq0lVH1UjoRuVpufulvWpY,Harjeeth Yadav,harjeeth yadav
maa,ChIJ_____yxmUjoRat4gP3B7NQU,ಸ್ಕೈ ಬ್ಲೂ ರೆಸ್ಟೋರೆಂಟ್,skai blu restoremt
maa,ChIJOUd9YwBZUjoRwvsAYAlpgUU,Friends Dining Spot,friends dining spot
maa,ChIJl2OoXR9eUjoRmxDuEvwCWZM,Indian Paradise,indian paradise
maa,osm_354539805,Dindigul Thalappakatti,dindigul thalappakatti
maa,osm_4797659570,Adyar Ananda Bhavan,adyar ananda bhavan
maa,ChIJrczQDwpZUjoRCU_XQSVcTXA,Grill Nights,grill nights
maa,ChIJ2QN3oupfUjoRVroqnnoamgw,Amma Mess அம்மா மெஸ்,amma mess amma mes
maa,ChIJfbDxOABhUjoRgYGrlz01jF0,R.K.BIRIYANI,r.k.biriyani
maa,ChIJK0X97RBfUjoRMhbdkCaElOU,Snack Eat,snack eat
maa,ChIJ90IuChBnUjoRZsFfrebpTbQ,Bite & Burst CH16,bite & burst ch16
maa,ChIJa1-pHX9dUjoRJgpauwAITyo,NELLAI SRI MANI VILASH,nellai sri mani vilash
maa,ChIJ76m5V0FfUjoRiotCAWfWPD4,Hungry foods,hungry foods
maa,ChIJSWigDdVfUjoRVIBESWCqM-4,ಜಿಕೆ ರೆಸ್ಟೋರೆಂಟ್ ಪ್ಯೂರ್ ವೆಜ್,jike restoremt pyur vej
maa,ChIJC6IbZwBfUjoRQ-TRQGt-kEs,Irani Chai Hut,irani chai hut
maa,ChIJi7BPrmNhUjoRGIbsIC64OWk,Sai Guru Kripa Indori Chaat - North Indian Chaat Chennai,sai guru kripa indori chaat - north indian chaat chennai
maa,ChIJ-WTNa-ZfUjoRaSuQ3g6pYLk,M S CHICKEN STALL,m s chicken stall
maa,ChIJMa6ftidfUjoRdgGha2IRSD8,JN CHENNAI KITCHEN,jn chennai kitchen
maa,ChIJOV_5fZ1fUjoRtq0ErSd_9Uw,ಪೀಠ ಹಾಟ್ ಚಿಪ್ಸ್,pitha hat cips
maa,ChIJ7fLZbQBnUjoRGPjou3ymoUg,DHARHIKA SPRING POTATO,dharhika spring potato
maa,ChIJTb4MDaRdUjoRmtvpDkRUr08,Burma Tamizhar Recteation Club,burma tamizhar recteation club
maa,ChIJLeTK8j9fUjoRC7xtByoFwcI,Thanima Snack City,thanima snack city
maa,ChIJleNASwBnUjoRDjDv9Z9TGsI,Zoo Cafe Restaurant,zoo cafe restaurant
maa,ChIJuXXRmkdfUjoRGDLkYB6bUUE,Aandavar Hotel,aandavar hotel
maa,ChIJ67HFvLNpUjoR6FNuJDt51WE,Idli meen kulambu,idli meen kulambu
maa,ChIJxWH9MABbUjoRIULs02kmhw0,J.S Fast food & J.S Water supply,j.s fast food & j.s water supply
maa,ChIJSSdRJRRdUjoRD3OWAfQdKCE,J’s kitchen,j’s kitchen
maa,ChIJ4_CSQYRfUjoRbXxKG9HHwhE,Ar-Rahman Food Corner,ar-rahman food corner
maa,ChIJB0dMH8T1UjoRHG2B46mjFdE,Madhurai Sri Muniyandi Vilas,madhurai sri muniyandi vilas
maa,ChIJjdQzZmZbUjoRvm__LeMKyGQ,Ramanathan Veg,ramanathan veg
maa,ChIJ89sPIMxeUjoRHUe_DmJDKo8,BIRIYANI SPOT,biriyani spot
maa,ChIJa4BMemJfUjoRlU8grpOV2vg,THIRUMURUGAN BROILERS,thirumurugan broilers
maa,ChIJUTItSgBZUjoRqU-h47UgX5o,Hotel Grill night kolapakkam,hotel grill night kolapakkam
maa,ChIJAUUc1UZfUjoRi9WSwWXSc3U,Andhra Mess,andhra mess
maa,ChIJWarCRDpdUjoR0-11x9C6mrw,GAME OF KEBABS,game of kebabs
maa,ChIJs-GIGgBbUjoRjt1-DPYJbe8,Chennai thokku biriyani,chennai thokku biriyani
maa,ChIJ-_y_pXRnUjoR0JZk2AGydIs,AK Snacks Box,ak snacks box
maa,ChIJE44pimNdUjoRXcKed0qHkss,Sana cafe &fast food,sana cafe &fast food
maa,osm_4797659563,Adyar Anand Bhavan,adyar anand bhavan
maa,ChIJnS5C7vJeUjoR7FEPoRzpV2s,Akshaya Bhavan,akshaya bhavan
maa,ChIJM0F0vyL1UjoRi2ayRvB9ip0,Briyani Junction,briyani junction
maa,ChIJGZH41IpdUjoR-1FXHBBQWmE,JP Mess,jp mess
maa,ChIJmcGPKpFdUjoRbfwx4tO2O6E,Sangeetha Veg Restaurant - Medavakkam,sangeetha veg restaurant - medavakkam
maa,ChIJJwj0wvhdUjoRVJr743NLUOk,Fish tales,fish tales
maa,ChIJ73VbSe9eUjoR_GIqx3H4O5I,பிரியா இட்லி கடை,bhiriya idhli ghadhai
maa,ChIJbR5IwahdUjoREFPnzwBkA1w,Krishnaveni's Coffee House & Restaurant,krishnaveni's coffee house & restaurant
maa,osm_10316739368,Six 'O' One,six 'o' one
maa,ChIJh2EP3O1ZUjoRir5RhgLk-aw,TEA BOY,tea boy
maa,ChIJL3VdRQ_1UjoRFTx2C1m8xbE,Mara's Gravy Kitchen,mara's gravy kitchen
maa,ChIJO4HKgQVgUjoReaSYKpGfnTs,SRI KRISHNA,sri krishna
maa,ChIJQZdHSgBfUjoRs5-7p0GElOI,AL SHIFA BIRYANI CENTER,al shifa biryani center
maa,ChIJE__CB9ZfUjoRriSHA98oyHo,Minar Malaysian parotta,minar malaysian parotta
maa,ChIJZ0vAk9n1UjoRn2GavE2VHow,HOTEL SGS,hotel sgs
maa,osm_354771357,D Cafe,d cafe
maa,ChIJHVhtIwVdUjoRPi9_O9_l4Pw,ಪಿಷ್ಟ ಹೌಸ್ ಹಲೀಮ್,pista haus halim
maa,ChIJ2966HjBdUjoRwoJxi-6DMnA,UnaveMarunthu Organics(Nigaran Ayush Pharmacy),unavemarunthu organics(nigaran ayush pharmacy)
maa,ChIJg_9KagBdUjoR0x8iQaPcU5Q,Yazhi Restaurant,yazhi restaurant
maa,ChIJNYWlz-dcUjoRhZIZW-dpgMI,HOT KITCHEN RESTAURANT ECR,hot kitchen restaurant ecr
maa,osm_5227400230,Amma Unavagam,amma unavagam
maa,ChIJBwUlUZVbUjoRBN4Bx_B-REM,1UP Restarurant,1up restarurant
maa,ChIJ2WOvTKRdUjoRbmaukS_CPgo,Tamizh suvai தமிழ் சுவை,tamizh suvai dhamil jhuvai
maa,ChIJe5yim0tmUjoR-L7cE7nZa8o,Rahath City Restaurant,rahath city restaurant
maa,ChIJ_8b2h0dhUjoRHTD0GAWFlPY,BBQ Masters,bbq masters
maa,ChIJByu5WXSLUjoRW2lB07d51SI,Kks Food Corner,kks food corner
maa,ChIJHcxp-JD1UjoR1c1g8VZbHWo,VEL ANNAM HOME FOOD,vel annam home food
maa,ChIJO4k0LQBhUjoRUSeiERq94zg,Binoy'S Kitchen,binoy's kitchen
maa,ChIJdWTyc5xfUjoRRwlFKR4tBbo,Sri Balaji Home Foods,sri balaji home foods
maa,ChIJiZwi-CL3UjoRn-rKvog-g3I,Madurai Pandian Vilas,madurai pandian vilas
maa,ChIJH2JkIs9hUjoR8PhA3Ub2tCI,Jamals Fried Chicken,jamals fried chicken
maa,ChIJSRq-DQBdUjoRMaieompyew0,Madura mama mess,madura mama mess
maa,ChIJ11pk1ENgUjoRX91RzxT_jzE,JHAPA KITCHEN,jhapa kitchen
maa,ChIJNcTg5SBdUjoR2ohFyS48Y0I,Kana Foods,kana foods
maa,ChIJ-1vmESNnUjoRRBVb5NUVzuw,C.M DUM BIRIYANI,c.m dum biriyani
maa,ChIJ61UgsOheUjoR1ss46nEul-8,Aruvi Foods Private Limited,aruvi foods private limited
maa,ChIJkd1AKnxhUjoR9bShmf_rn5A,Viswak Tiffen Center,viswak tiffen center
maa,ChIJA9HvJ19dUjoRdYvJp1xPPds,INSTA CAFE,insta cafe
maa,ChIJPzaEotdnUjoREUXKUCwvGIo,S KALIDAS,s kalidas
maa,ChIJ9-KEukxeUjoRarTJiXTDJKE,Shell,shell
maa,ChIJa1iURr5pUjoRMjw7ONwna0k,Surendar Fish Stall,surendar fish stall
maa,ChIJtyjYZfqLUjoRTWT2O7TzH-A,KAVYA TEA STALL,kavya tea stall
maa,ChIJl3zDDgBnUjoRe5RqOV4VdfU,HOTEL MOUNT PALACE,hotel mount palace
maa,ChIJCXCkBZphUjoRqxnTpfOWRJg,Lunch bag restaurant,lunch bag restaurant
maa,osm_354987305,Five star,five star
maa,ChIJL-309WxfUjoRUPVnsG1YWIY,WeChai Chromepet,wechai chromepet
maa,ChIJGSQgt8RfUjoRo6kIZSW7-bk,ಮಣಿಕಂಡನ್ ಟೀ & ಟಿಫಿನ್ ಸೆಂಟರ್,manikamdan ti & tiphin semtar
maa,ChIJlbSoKkNdUjoR2VLIW-QVCP0,Hotel Pandiyan Restaurant,hotel pandiyan restaurant
maa,ChIJO9eNoLxfUjoR65BvU4rXsoU,"Pizza Hut | Selaiyur, Chennai","pizza hut | selaiyur, chennai"
maa,ChIJB_MaFmJfUjoRqO7hxGsw9ek,ಡೀಟ್,dit
maa,ChIJ741jQABhUjoRMW6cVTYEFXw,Home Spice Kitchen,home spice kitchen
maa,ChIJHyOUs49dUjoR8qBfR9kW-l8,Restaurant,restaurant
maa,osm_7252462953,Sulthan's,sulthan's
maa,ChIJ-bRNXQCLUjoRTfZAOLU2lQs,Kags Rooftop Retaurent,kags rooftop retaurent
maa,ChIJsRkelc1fUjoRSEqbrG0WxOE,AMMU &PATTU,ammu &pattu
maa,ChIJg225I2VZUjoRGyFTSwdWcNY,As Hotel,as hotel
maa,ChIJh5azgdlfUjoRySOlxImS8bo,Hathim Brothers Hotel,hathim brothers hotel
maa,ChIJjd_iPBVdUjoR_jXfRkZvF5E,Goldensathyaa,goldensathyaa
maa,ChIJ5wJqKQOLUjoR0lXyvvVN84E,SS bismi,ss bismi
maa,ChIJtasTHP5eUjoRiVyzFlB-Xm8,Chat And Chappathi Center,chat and chappathi center
maa,ChIJQXhmkC5dUjoRpq2Jfo80U0I,INDIAN TIFFEN CENTER,indian tiffen center
maa,ChIJPa9DqPZfUjoRdsW0G8AqAl4,ಮಾಯ್ಸ ಹೋಟೆಲ್,maysa hotel
maa,ChIJF_oiTABfUjoR4n5irjpFgXc,ZINGLE EATS,zingle eats
maa,ChIJ1XVxLndeUjoRBOtqvpp_PA8,M. D. Chicken Pakoda Center,m. d. chicken pakoda center
maa,osm_1104590016,Hotel Zum Zum,hotel zum zum
maa,ChIJJ6qMB0FeUjoRJvKtxKPW4As,'B' Mr. SNACKKS,'b' mr. snackks
maa,osm_2124745933,PEPPER,pepper
maa,ChIJacFJWAj2UjoRqQE1LKN_7Uk,Brown House,brown house
maa,ChIJK4v5NdFgUjoRuI6dUaQR9-k,Guru Krish,guru krish
maa,ChIJC3NzMetcUjoRgMw6fm_W8dc,Vanitha Sea Food,vanitha sea food
maa,ChIJvxPIdABfUjoRjv9UbGheD1g,Dubey's Veg Food Corner,dubey's veg food corner
maa,ChIJm7kp4ENdUjoRQr5C4sFdVPs,SMASH’D,smash’d
maa,osm_2084165165,Dindigul Velu Biryani,dindigul velu biryani
maa,ChIJVwBpDx5dUjoR7Ql5SPNfx7U,Udangudi Poricha Parotta Kadai,udangudi poricha parotta kadai
maa,ChIJW2DcMCVnUjoRE5mf9fPRI6Y,Radioroom,radioroom
maa,ChIJWwSqO2BhUjoRE7gfDeldg-k,SM Popcorn,sm popcorn
maa,ChIJAQ06bCNhUjoRo0fYeJawS2A,Hotel Galaxy,hotel galaxy
maa,ChIJk-IS86NfUjoRKK3ySHGeIwE,HOTEL MADURAI,hotel madurai
maa,ChIJ3wGQAzhfUjoRUSHsaK9h7w0,காளிமுத்து வடை கடை,ghalimudhdhu vadhai ghadhai
maa,ChIJ8VO2G_1dUjoROglcQgf336k,HD 65 SHOP,hd 65 shop
maa,ChIJQzcIpvheUjoRiDLv9q-LfYo,Hotel Vaigai,hotel vaigai
maa,ChIJtazEJgBdUjoRdwJRYV-Cs7Y,Raja Madurai Bun Parottta,raja madurai bun parottta
maa,ChIJm_VBQABdUjoRdopyspQhmg8,ARM FOODS,arm foods
maa,osm_10913194731,Sri Saravan Sandwich Shop,sri saravan sandwich shop
maa,ChIJRTdOm1OLUjoRf0BFOFWWY0U,Shell Petrol Bunk,shell petrol bunk
maa,osm_1751208045,Ratna Cafe,ratna cafe
maa,ChIJoYfe-9JnUjoRAGNXkwmVDag,ಅಡ್ಯಾರ್ ಆನಂದ ಭವನ,adyar anamda bhavana
maa,ChIJuZwlBwxeUjoRZ2Hz6LSTTRE,Food City,food city
maa,ChIJJVfFaKeKUjoRFTPuZc_PCLE,Hotel Karaikudi Chettinadu,hotel karaikudi chettinadu
maa,osm_577376031,Hotchips,hotchips
maa,ChIJ-_tqsgVfUjoRZV6rhZKHrUw,Wow! Momo,wow! momo
maa,ChIJxwlwkYddUjoR3bDk4kHkppA,Saravana Hotel,saravana hotel
maa,ChIJW__AtH5hUjoRsVbZYnLxpq8,Ajay Divya home food,ajay divya home food
maa,ChIJ5fYz27JfUjoRSKYJC8N3lOU,Al-Noor Multi-Cuisine Restaurant,al-noor multi-cuisine restaurant
maa,ChIJ9-Er6sZdUjoRHqsxws4G5pc,Bavani Mess,bavani mess
maa,ChIJEVgmcy9dUjoRxMKzKBKtfvY,highongreen,highongreen
maa,ChIJd18weNJdUjoRNUoIp5Ndjgo,ಹೋಟೆಲ್ ಪೆರಿಯಾಥಚೂರ್,hotel periyathacur
maa,ChIJVVVVJZZcUjoRqftub4bKDkQ,"Annachi's Kitchen - Coffee, Biriyani and Meals","annachi's kitchen - coffee, biriyani and meals"
maa,ChIJZ3EqigRdUjoRzPD_GfJcnHY,5 Knots at ECR,5 knots at ecr
maa,ChIJJQyK3Sr1UjoRMINBiYR4X4Q,Al Safa Restaurant,al safa restaurant
maa,ChIJJcDG6NtZVToRGQ340VHYuxw,"TreatBox, Mealano company","treatbox, mealano company"
maa,ChIJ1zOpgSlmUjoRjN_cF-gOaL0,Red Chilli,red chilli
maa,ChIJHQbNamddUjoRdP8p6CurZ5k,Chinese Wok,chinese wok
maa,ChIJtdBXJ31dUjoRRDL_wKLr1GQ,Kadar bhai briyani,kadar bhai briyani
maa,ChIJo8Ho1hlfUjoR1E6_boGdAI8,S. R. Rohith catering service,s. r. rohith catering service
maa,ChIJe0uAzjiLUjoR26wZlYer7Y0,Bala Caterers,bala caterers
maa,ChIJs-nADQBfUjoRNh1PpNg89eI,FLAN,flan
maa,osm_12557371754,Haven Sampoorna,haven sampoorna
maa,ChIJvRTpI_tmUjoRRSrwKT6ro7Q,Murugan Idli Shop,murugan idli shop
maa,osm_1155176839,Hotel Shree Venkateshwara,hotel shree venkateshwara
maa,ChIJ6aajldRfUjoRuTSu3q22p7w,Time Pause,time pause
maa,ChIJfcKlmkVdUjoRp585ulaEIwc,Saiva Pettai,saiva pettai
maa,ChIJoRSjOwBdUjoRhTIA-tGtCaQ,5star kumar center,5star kumar center
maa,ChIJ3_z891JdUjoRqffB9EBJ_f4,Sushu’s Delights ( Chaats of India ),sushu’s delights ( chaats of india )
maa,ChIJC4XTR4lfUjoRJbKaMpwF6XI,"Auto Biryani, Kovilambakkam","auto biryani, kovilambakkam"
maa,ChIJA0nQVWhdUjoRTxaSJ_PKrYQ,NIGHT EAT ( OMR ),night eat ( omr )
maa,ChIJIbbbKJ1dUjoRQJIH8m2754Y,Alreef Express Restaurant,alreef express restaurant
maa,ChIJcRIDbOFZUjoRlrIUQevYKDw,Ambal Mess,ambal mess
maa,ChIJP2qM_lJdUjoRo-f2MDXfYEU,Boats,boats
maa,ChIJq2M2W4dfUjoRP0rueKTe488,"Domino's Pizza | Pallavaram, Chennai","domino's pizza | pallavaram, chennai"
maa,ChIJhx8KD2FbUjoRCvtzyz2TzsY,Semmanjeri Bay Hotel,semmanjeri bay hotel
maa,ChIJZcFQsyRbUjoRlEROttnHySI,"Bikkgane Biryani | Sholinganallur, Chennai","bikkgane biryani | sholinganallur, chennai"
maa,osm_1728641528,Curries and Chutneys,curries and chutneys
maa,ChIJt6JOFoZdUjoRfjzUTfWNzxI,Sriram Bhojan,sriram bhojan
maa,ChIJbR_6KgBhUjoRbDeVqhiFvCo,Karaikudi Unavagam,karaikudi unavagam
maa,ChIJLzTeRq9dUjoRVE_5PSK1wIs,"Salad boy (Weight loss,Fitness,Diet foods,Salad-meal, Bento-meal)","salad boy (weight loss,fitness,diet foods,salad-meal, bento-meal)"
maa,ChIJGyrGCgD3UjoRctpjzEJC1Lc,Thulasi hotel,thulasi hotel
maa,osm_9418560328,That Mallu Joint,that mallu joint
maa,ChIJiQPG-MFdUjoRlEdNym2kuEs,ಪಿಜ್ಜಾ ಡಫ್ ರೆಸ್ಟೋರೆಂಟ್,pijja daph restoremt
maa,ChIJB557RbdnUjoRdAEevMGGiQo,PG Mess,pg mess
maa,ChIJJU6ScuFpUjoRiOGDfPCJ2wE,ಎಜಿಎಫ್ (ಆಗ್ ಫುಡ್ಸ್),ejieph (ag phuds)
maa,ChIJs8HFXZthUjoRWu-oCwoQE44,Tibetan Bowl,tibetan bowl
maa,ChIJi_67-gVeUjoRutEtxAzbZC4,Al Shami Fast Food,al shami fast food
maa,ChIJhVwTTPhcUjoRokczJAKGSUA,ಎಲೈಟ್ ಗೇಮರ್,elait gemar
maa,ChIJt_UtMqlbUjoRQmU8stcM0J0,THE GUNTUR KITCHEN,the guntur kitchen
maa,ChIJOR7fuzVdUjoRTmW82UC4-hk,PhD Panipuri Vettuvankeni,phd panipuri vettuvankeni
maa,ChIJjapCcZNpUjoRJrQhpKdMpLQ,Armaan foods and snacks,armaan foods and snacks
maa,ChIJ8Tu3jIlcUjoR5elvAx7v3zw,ಅಮ್ಮ ಉಣವಗಂ,amma unavagam
maa,ChIJeTZ8OAD1UjoRQbSOhW3ZCMo,"Domino's pizza | Lakshmi Nagar West, Mudichur","domino's pizza | lakshmi nagar west, mudichur"
maa,ChIJr-NeFkRnUjoR1TY9vi_OR3I,ಅಮ್ಮ ಉಣವಗಂ,amma unavagam
maa,ChIJAy-xagBhUjoRpaGUGfEiWqs,Aaladipattiyan - Mangadu,aaladipattiyan - mangadu
maa,ChIJoRE-m8D1UjoRD8HhHdQ7z4c,OVEN63,oven63
maa,osm_10107995496,Classic Barbeque Corner,classic barbeque corner
maa,ChIJOYESHQBbUjoRaouAcbRCCtc,Hotel Veerasamy,hotel veerasamy
maa,ChIJS-2mzuFeUjoRhBd8OLhy0Wk,ಚೋಕಾಮಂಸ್,cokamams
maa,ChIJz9UOsxZfUjoRU4-_r7cWOvM,Paradise Express,paradise express
maa,osm_4278326228,Amma Mess (Subsidised Food),amma mess (subsidised food)
maa,ChIJkUnPUHdfUjoRunRv5fmX0Ts,ಮಧೀನ ಚಿಕನ್ ಸೆಂಟರ್,madhina cikan semtar
maa,ChIJU83R-htdUjoRPLhqWHvYTuk,The Night Feast,the night feast
maa,ChIJVZjPiDFdUjoRUMouWFYRIMo,Dhaveethu Raja snacks & savouries,dhaveethu raja snacks & savouries
maa,osm_2878241398,Aishwarya Restaurant,aishwarya restaurant
maa,ChIJj4q-7uRnUjoRSoJiS1HJ4dY,The Kandyan,the kandyan
maa,ChIJ9cJk44ReUjoRWCZx8cY32VY,Grandma's Kitchen,grandma's kitchen
maa,ChIJXQm8uSFhUjoRk56xSq-yW78,Mr Chef Restaurants,mr chef restaurants
maa,ChIJPUwncwBhUjoRWG4O1xcaiC8,Dad's pizza,dad's pizza
maa,ChIJAY6Tm8hhUjoR15SNf9-zJ3Y,Grill And Dine,grill and dine
maa,ChIJmzr7fBRdUjoRaGf-6oWb8rw,ವಿ3 ಫುಡ್ಸ್,vi3 phuds
maa,osm_12528602501,Jayam Andhra Mess,jayam andhra mess
maa,ChIJvY4aF05hUjoRArHKQwIEdmE,Hotel V S M,hotel v s m
maa,ChIJoV3poT1dUjoRmlHK0OGMjAs,செல்வி உணவகம் வீட்டு சாப்பாடு,jhelvi unavagham vidhdhu jhabhbhadhu
maa,osm_6297565846,Buhari Hotel,buhari hotel
maa,ChIJRVUvbABbUjoR9agzn5PHVEc,LS zum zum biryani,ls zum zum biryani
maa,ChIJk8GgP7xdUjoRejOZFa0FMBc,Undu Magizh Restaurant,undu magizh restaurant
maa,ChIJUdOpG8RfUjoRRy7AsQKyVmE,PARAMPARIYAM INIPAGAM,parampariyam inipagam
maa,ChIJi2YRFgFfUjoRceJ5Zd8RHD8,S. P. Snack Bar's,s. p. snack bar's
maa,ChIJo_pCZtFfUjoRmotR08m1cno,Munish Fast Food Tiffen Centre,munish fast food tiffen centre
maa,ChIJxXEOg_f1UjoRU2uRQrHt6dc,HOTEL MADURAI SRI MUNIYANDI VILAS,hotel madurai sri muniyandi vilas
maa,ChIJd9HmMptfUjoR-wPVoNXAQIM,Lingam Burma Atho Shop,lingam burma atho shop
maa,ChIJtS9dtspdUjoRX_46Xwx6Ppw,Sumathi Hotel,sumathi hotel
maa,ChIJ0ysl9hdcUjoRgWbh96Xs_Z8,Smoky And Spicy,smoky and spicy
maa,osm_1108029781,Twilight Takeout,twilight takeout
maa,ChIJi4vAjS71UjoRnKvRAwG83t8,KP FARM CHENNAI,kp farm chennai
maa,ChIJO3RqvRpfUjoRdTZZ9WHDvwA,SD BIRIYANI,sd biriyani
maa,ChIJwfjw9fH3UjoRJWwKdNynbrM,HOTEL RAMESH,hotel ramesh
maa,ChIJA7eiHQBdUjoReW5AWrNW0aM,GOLDEN SPOON CATERERS FOOD TRUCK,golden spoon caterers food truck
maa,osm_364724562,Ibaco,ibaco
maa,ChIJT6yBUgtnUjoRSI6ECWbmPW0,Sri Krishna Sweets,sri krishna sweets
maa,ChIJVbAjwpBdUjoRfLCTrTec8ZY,"ಜೈತೂನ್ ರೆಸ್ಟೋರೆಂಟ್, ವೇಲಾಚೆರಿ","jaitun restoremt, velaceri"
maa,ChIJ7ULe8sdZUjoRK7Uxyn5N7mw,ಬಾಲಾಜಿ ಹೋಟೆಲ್ & ಫಾಸ್ಟ್ ಫುಡ್,balaji hotel & phast phud
maa,ChIJCz8IZXxdUjoRbK_OG8RT_VQ,DESERT SHAWARMA PALLIKARANAI,desert shawarma pallikaranai
maa,ChIJUU85-4NdUjoRTXNuxbMwBls,Yummy's Bites and Juices,yummy's bites and juices
maa,ChIJ4e5FlxRfUjoRTQwESq1pXoo,WD Chaat & Snacks,wd chaat & snacks
maa,ChIJo4IpUX5hUjoRH241xeDYIgc,Food Nation,food nation
maa,ChIJnVCrQGz1UjoRbQOVrNrS1bU,Suruthi Food Cafe,suruthi food cafe
maa,ChIJvWI1PoFdUjoRNl2QsFCD-EU,Ponni's Idly Kadai and Catering,ponni's idly kadai and catering
maa,osm_12568401589,BBQ Bro's,bbq bro's
maa,ChIJr5FyBwD1UjoRdYVarnQHMRg,ಸಾಯಿ,sayi
maa,ChIJ6RA9AQBdUjoR_0kMe6sDewU,AGM Midnight Briyani,agm midnight briyani
maa,osm_347444724,Novelty,novelty
maa,ChIJLcJa_NZfUjoRTwx5xAcN2pc,FIVE STAR CHICKEN Kovilambakkam,five star chicken kovilambakkam
maa,ChIJiftvuGxfUjoR3MrIblGawZk,IRCTC Food Plaza,irctc food plaza
maa,ChIJ8wMNW0teUjoRf6TUul3VNyw,Buhari Royale Boutique Hotel,buhari royale boutique hotel
maa,ChIJ8YVdDmdfUjoR7RZpy11esoI,D.C.S Fast Food,d.c.s fast food
maa,ChIJAXwO6vz1UjoRqvwN_WDfwb4,FAMILY SNACKS & SOUPS,family snacks & soups
maa,ChIJt1bQy55bUjoRPGw1gNDYE7A,NAGAPPA CHETTINAD HOTEL,nagappa chettinad hotel
maa,ChIJZdsucgBfUjoRoPRH952QNbM,Mangalam Briyani,mangalam briyani
maa,ChIJe8PM-CFdUjoRbEj_e24yHqw,Hotel Anand,hotel anand
maa,osm_677255700,Annapoorna Veg Hotel,annapoorna veg hotel
maa,ChIJc22b_BVdUjoRw2ehCMHrPf0,New Kolkata Chat,new kolkata chat
maa,ChIJY9gjUUFhUjoR70pqaVT7_uE,ಆರ್ಕಾಟ್ ಬಿರಿಯಾನಿ,arkat biriyani
maa,ChIJmfGL0qdbUjoRK2bt2FZ5rnU,Alai Osai The Family Restaurant,alai osai the family restaurant
maa,ChIJ2eteAwBnUjoRADEN8hvEhHk,CEG Square,ceg square
maa,ChIJ-warJABdUjoRqgbKUeWVX1Q,Cloud 7 Restaurant,cloud 7 restaurant
maa,ChIJ6Rhf71ZnUjoRkLZWD0lzg4M,Amma Hotel,amma hotel
maa,ChIJz_xJFwBfUjoRB01odsDtqAg,Dhakrish Dhaba,dhakrish dhaba
maa,ChIJF1Vmo3VhUjoRkNDKEmKTDGs,Vel's Kitchen,vel's kitchen
maa,ChIJD_8dCGRpUjoR5ugEE2N6stk,Nilavoli Kadarkarai Unavagam,nilavoli kadarkarai unavagam
maa,ChIJoT3xMs1hUjoRHuT42DXsMnA,New Saravana Sweets & Bakery,new saravana sweets & bakery
maa,ChIJST0wCABhUjoRdktj6tNtS_s,Soya foods - Kovur,soya foods - kovur
maa,ChIJzfio7S31UjoRgHKAM7x9LJY,Mitaso Biriyani,mitaso biriyani
maa,ChIJRTfSAABhUjoRiFUyYCyFFds,AJ veragu adupu biriyani,aj veragu adupu biriyani
maa,ChIJXUjSsOdcUjoRoKkKojDSlkY,Green Spice Restaurant,green spice restaurant
maa,ChIJk5cRsilZUjoRaLGbLqa8vwY,Nangai Unavagam,nangai unavagam
maa,ChIJi3uClxhfUjoR5nGsRjhtGKc,Sri Kanchi Annalaya,sri kanchi annalaya
maa,ChIJCRyf00lcUjoRStW30Hjnk4s,"Domino's Pizza | Pallikaranai, Chennai","domino's pizza | pallikaranai, chennai"
maa,osm_9920576651,Amma mess,amma mess
maa,osm_11834587756,Ponnusamy Hotel,ponnusamy hotel
maa,ChIJi5sNEgBZUjoRuMwF8dn1bNU,Pallavaram briyani,pallavaram briyani
maa,ChIJh6vP17JfUjoRAZ96QVzT7_M,HOTEL BILAL,hotel bilal
maa,osm_9994034313,Hotel Akshaya Bhavan,hotel akshaya bhavan
mys,ChIJ7fNEXQBlrzsREJA6OuiMyTk,Kavitha mess,kavitha mess
mys,ChIJjzqmA2Z6rzsRBWPhb9-U3og,SRI CHAMUNDESHWARI CHICKEN ZONE,sri chamundeshwari chicken zone
mys,ChIJV3HyTuF7rzsRr9Y_e-TWpDc,Tan's Kitchen - Cloud Based,tan's kitchen - cloud based
mys,ChIJw_DoUfhvrzsRYuc2tor4yqQ,Five Star Chicken,five star chicken
mys,ChIJh-Cjt9xxrzsRv2tPZQaLjVM,Amrutha fast food,amrutha fast food
mys,ChIJ84bUbMlxrzsRysnkpI3MPes,Shivangi Panipuri Center,shivangi panipuri center
mys,ChIJv3AY1kJxrzsRZ2dsq2C5UuM,Bilal Soda And Juice Center,bilal soda and juice center
mys,ChIJTwRgfep6rzsRIh24VBh1HVc,Sri chamundeshwari (Egg-cellent)egg & Veg Center (since 1998),sri chamundeshwari (egg-cellent)egg & veg center (since 1998)
mys,osm_1636804091,Sindoora,sindoora
mys,ChIJ_W1U2YR7rzsR2kSHPULYTpc,Sri Chamundeshwari chicken centre,sri chamundeshwari chicken centre
mys,ChIJ8dxkubJvrzsR6mlKHVFHNI4,Olive You Hummus,olive you hummus
mys,ChIJea6Pd4l6rzsRyd-HIA5ou0A,Sizzlers 24,sizzlers 24
mys,ChIJqbSAc4V6rzsRBE3csx4BIBI,ಕ್ಯಾಸಿನೊ ಪಾರ್ಕ್ ರೆಸ್ಟೋರೆಂಟ್,kyasineu park resteuೕremt
mys,ChIJM3Y_LvhxrzsRshCR5MjvVcY,ಎಸ್ಡಿ ಕಬಾಬ್ ಸೆಂಟರ್,esdi kabab semtar
mys,ChIJCU8f3v9xrzsRpHefauvG63Q,Street Savory,street savory
mys,ChIJ-QDBTqBxrzsRGgeO0BVi6CM,Raayan's Fish Tawa Fry,raayan's fish tawa fry
mys,osm_11352004569,Mathura Veg,mathura veg
mys,ChIJF8waZQBlrzsRF84Fbv3xTTs,Star Automation works,star automation works
mys,ChIJ8dOyautxrzsRaDAaUKzHZi8,Mahalakshmi Dry Gobi,mahalakshmi dry gobi
mys,ChIJNyj_CApxrzsRC_5ChYjHrik,RACHAPPA SWAMY,rachappa swamy
mys,ChIJh9JzSe16rzsRfNlKBJyg62M,ದಿ ಗ್ರೀನ್ ಹೋಟೆಲ್,di grin hotel
mys,ChIJh9lT79NxrzsRibMFqObDzIo,MySouth,mysouth
mys,ChIJN3IkXQBxrzsRHieXsglVccE,Shree Kanavalli,shree kanavalli
mys,ChIJZy-t1lJwrzsRfc5ytwb7poM,AFZALS SNACKS CENTER,afzals snacks center
mys,ChIJcZS8QTdurzsRXY2Hvfoa2D0,Best SUGUNA Chiken,best suguna chiken
mys,ChIJJWfuYQB7rzsRdsa8jXnnUfQ,VIP Donne Biriyani's,vip donne biriyani's
mys,ChIJj8jDtkZlrzsR7EJtNTVHGas,Royal Military Hotel,royal military hotel
mys,ChIJDyAr5TFwrzsROfRneJi8ANA,Sri Chamundi Fast Food,sri chamundi fast food
mys,ChIJH3_O-fh7rzsRNszdDYUnNiw,BHARANI'S KITCHEN,bharani's kitchen
mys,ChIJ195gJg58rzsRMiyHtc7zqUU,Kadapa King,kadapa king
mys,ChIJhfWjeQ5xrzsRXwF_Fjd1Op0,Male Mahadeshwara Centre,male mahadeshwara centre
mys,ChIJYWkOUwhwrzsRHDJnY81V818,ಜಲ್ಪಾನ್ ಡೈನಿಂಗ್ ಸಾಗಾ ಸಸ್ಯಾಹಾರಿ ರೆಸ್ಟೋರೆಂಟ್,jalpan dainimg saga sasyahari restoremt
mys,ChIJV2qVBWxxrzsRuzYF0cFNKlc,MOON BUCKS CAFE,moon bucks cafe
mys,osm_6224308885,Tibet Kitchen,tibet kitchen
mys,ChIJPzKW12d7rzsRC5SXKOWgtNM,Sainik Restaurant & Bunker Hub,sainik restaurant & bunker hub
mys,ChIJXXXANlxxrzsRRVncP0khX3c,Ambari Chats,ambari chats
mys,ChIJTXkoIGx6rzsRB929F65tj2U,RAGHAVENDRA TIFFANIES,raghavendra tiffanies
mys,ChIJA-IJ4tZ7rzsRog1xSFOil70,Manju Tiffany's,manju tiffany's
mys,ChIJJxYwHW1lrzsRjAWcRHFgUYo,Skyair Chicken Corner,skyair chicken corner
mys,ChIJl5dz58B6rzsRjD7lny_Aab4,Amruth Gobi Centre (Original),amruth gobi centre (original)
mys,ChIJx69tQaZvrzsRoZzKlsuZssI,Idli shop,idli shop
mys,ChIJQZ0RERJwrzsRV3HIJqP0MB0,ಕೆ ಎಫ್ ಸಿ,ke eph si
mys,ChIJl6P9r-l7rzsRMFgom2KXCL0,Halli mane hottel,halli mane hottel
mys,ChIJf7AemipxrzsRMz0VL-Heos0,S K CHAVADI CAFE,s k chavadi cafe
mys,ChIJ1VTJhE17rzsRpNILOCvlLyA,ವೈಷ್ಣವಿ ಫುಡ್ ಅಂಡ್ ನೀಡ್ಸ್,vaisnavi phud amd nids
mys,ChIJxUXrLXJ6rzsRD4LuJf14XCU,ಅಪ್ಪಾಜಿ ರೆಸ್ಟೋರೆಂಟ್ ಮತ್ತು ಡಾಭ,appaji restoremt mattu dabha
mys,ChIJ106ImW57rzsR7NlTMdVse88,GRILL HOUSE,grill house
mys,ChIJC-BZFexxrzsREzmBwUEKI3M,Jeevan Kumar,jeevan kumar
mys,ChIJYc1vK8RxrzsRY4qA4r5P0XY,ಹೋಟೆಲ್ ಅನ್ನಪೂರ್ಣೇಶ್ವರಿ,hotel annapurnesvari
mys,ChIJn-M3UwBxrzsRhWNPvEupxsU,MEHBOOB'S KITCHEN,mehboob's kitchen
mys,ChIJfd-VCJ9przsRul-UIBg4k7c,Hotel brother,hotel brother
mys,ChIJ2dBD7lNwrzsRl7U9X3rpy4Y,UMRA CHICKEN SHOP,umra chicken shop
mys,ChIJ9fmsKcdxrzsR0STNGwOR-tA,food villa,food villa
mys,ChIJSz6_nDF7rzsRc0RW_rLwW44,SRI RAGHAVENDRA TIFFANIS - ಶ್ರೀ ರಾಘವೇಂದ್ರ ಟಿಫಾನಿಸ್,sri raghavendra tiffanis - sri raghavemdra tiphanis
mys,ChIJb0GGCaB6rzsRv37gKtcHvtM,The Cafe,the cafe
mys,ChIJJ-GRbwB7rzsRjg0Wwex985o,Rabis Kitchen,rabis kitchen
mys,ChIJ9YQYg6RvrzsRgK-N93JKzt8,MYSOREDINE RESTAURANT,mysoredine restaurant
mys,ChIJm02H8_lvrzsRuUS5rNBJAug,Davangere Benne Dose,davangere benne dose
mys,ChIJx68TiZxxrzsRL6mPsphjAZo,Sri Siddeshwara Bannuru Biryani Paradise,sri siddeshwara bannuru biryani paradise
mys,ChIJZ-zPEM5xrzsRzVP_OIuOCs8,Sai Om Shakti Hot Chips,sai om shakti hot chips
mys,ChIJwcMy_WVwrzsRHArE570MsEY,HAZRATH SAFDARJANG MAKAN COMPLEX,hazrath safdarjang makan complex
mys,ChIJvYCEn2h6rzsRAAAA0Ff0lBc,Bhartha Chicken Stall,bhartha chicken stall
mys,ChIJl-Akr05wrzsRN9pqdq1hz3s,Zam Zam,zam zam
mys,ChIJ6Y1b095xrzsRVKasN4I5ik0,ಶ್ರೀ ಗುರು ರಾಘವೇಂದ್ರ ಗೋಬಿ ಸೆಂಟರ್ Sri Guru Raganvendra Gobi Center,sri guru raghavemdra gobi semtar sri guru raganvendra gobi center
mys,osm_360479028,GSSIETW Canteen,gssietw canteen
mys,ChIJgY5oH2x6rzsRAgcUZs1ToHs,GOBI CORNER,gobi corner
mys,ChIJS5UYNFpvrzsRdHvtseT8XAc,R A Chickens,r a chickens
mys,ChIJ9ck2RblvrzsRt_HLf5zjYy4,Shastha tiffan's,shastha tiffan's
mys,ChIJG9mIGr97rzsRZLO0XcRw2J8,New Ashoka Vatika Pure Veg Restaurant,new ashoka vatika pure veg restaurant
mys,ChIJDUASIK97rzsRZ0G8VaF31vY,Bhuvan Chickens,bhuvan chickens
mys,ChIJSVcwbN97rzsR9mvdMD8QjWc,Rajathadri bangarpet panipuri And Chats,rajathadri bangarpet panipuri and chats
mys,osm_2039565038,Nalapaak,nalapaak
mys,ChIJ5-YbHARwrzsRePG5gGz7dT0,ಯೋಗಿಕ್ ಸಪ್ಲೈಸ್ & ಆರ್ಗಾನಿಕ್ ಹೋಮ್ಸ್ಟೈಲ್ ರೆಸ್ಟೋರೆಂಟ್,yogik saplais & arganik homstail restoremt
mys,ChIJCRtfdY56rzsRs52ydmgr3-4,Top Stuff,top stuff
mys,ChIJ_6Rn2dl5rzsRl0jEk2wgUdc,ಪ್ಲಾನೆಟ್ ಫಿಶ್ ಲ್ಯಾಂಡ್,planet phis lyamd
mys,ChIJzQJUEhh9rzsRId-e8E1VVOY,HALLI MANE OOTA,halli mane oota
mys,ChIJfaRuBgBxrzsR8GcJ9IntBqk,Shree Condiments,shree condiments
mys,ChIJFWd0szRlrzsRf7SstgWywGs,Corner Kafe,corner kafe
mys,ChIJhy5xjqVlrzsRq-zthwt1rDs,Ravi chicken center,ravi chicken center
mys,ChIJZ9Q-CKhxrzsRewHPP2KtsYU,Somnath Bajji centre,somnath bajji centre
mys,ChIJy6BD1YJ6rzsRffwI6padoLc,Auburn Multi Cuisine Restaurant,auburn multi cuisine restaurant
mys,ChIJg2aAvXJxrzsRlcUGkZ9UUC0,The Atrium Boutique Hotel,the atrium boutique hotel
mys,ChIJj2I1VwB7rzsRZDwEAvGnw-Q,Mandarthi tiffians,mandarthi tiffians
mys,ChIJ-682WMZ7rzsRl_wmwLKkVNw,Rock Way Bar And Restaurant,rock way bar and restaurant
mys,ChIJa_43GIxlrzsR0FhSJHu9zEY,Chamudeshwari Hotel,chamudeshwari hotel
mys,ChIJ8Wiup0xxrzsREalb4toil_0,ಕೆ ಎಫ್ ಸಿ,ke eph si
mys,ChIJVwI3FcB7rzsRxVPSxMzmU6U,Esther's Kitchen,esther's kitchen
mys,ChIJxS1DE8horzsRypfAY1XDWYw,ದೀಪಕ್ ಹೋಟೆಲ್,dipak hotel
mys,ChIJg71Jea97rzsRt__6Rvf3Dj0,New Bhuvaneshwari Hot Chips,new bhuvaneshwari hot chips
mys,ChIJq6k4pTt7rzsRs7WOF9G9Ucw,Pan Shop,pan shop
mys,ChIJp_Lc2_JvrzsRxkjyZDIvdLc,Hemavathi Tea Stall,hemavathi tea stall
mys,ChIJ6x2tZQlurzsR7Rb4KkqHarM,SANDHYA CHICKEN,sandhya chicken
mys,ChIJq6qqqn96rzsRZmjPD6POuUQ,Mr. Idli,mr. idli
mys,osm_601688264,Sandesh The Prince,sandesh the prince
mys,ChIJUwRezChlrzsRLX7csks5Z7w,ಫಿಶ್ ಸ್ಟಾಲ್ (ಗವರ್ನ್ಮೆಂಟ್),phis stal (gavarnmemt)
mys,ChIJb0GGCaB6rzsR5LFOUQd4-iA,Alfresco quorum,alfresco quorum
mys,ChIJywR6BABlrzsReP6XGjaoz_g,Bhadrachalam Cafe,bhadrachalam cafe
mys,ChIJ3ctOWExxrzsRto0Dh9Bbel4,Naveed Samosa Center,naveed samosa center
mys,ChIJ2f413Mx7rzsRkKkfbcLLDOQ,ಫ್ಲೋಟಿಂಗ್ ರೆಸ್ಟೋರೆಂಟ್ - ಇನ್ಫೋಸಿಸ್ ಲಿಮಿಟೆಡ್,phlotimg restoremt - inphosis limited
mys,ChIJRWQ50UhlrzsRoT3RZsUX_VE,New Suchi Chicken,new suchi chicken
mys,osm_6857703585,New Lakshmi Bavana,new lakshmi bavana
mys,ChIJD_A246V7rzsRZaV-QsFqWrk,Vinod M,vinod m
mys,ChIJQUdZVwB7rzsRGa77uL1mZaI,Roost,roost
mys,ChIJ7R5aGABxrzsRfQ2HXdpEFr8,Veg Mudde Upsaru Hotel Mess,veg mudde upsaru hotel mess
mys,ChIJDagcjmp7rzsRlhLJRBQew9c,SV Biryani Corner,sv biryani corner
mys,ChIJp3opXwB7rzsRr_l-T45gP-M,Bhairava chicken's,bhairava chicken's
mys,ChIJ6_NZ8dV7rzsR0S4tGpOcFSU,Coastal Rock,coastal rock
mys,ChIJ-5Gw1at7rzsRIyvPcXC28Fw,Loyal world,loyal world
mys,ChIJBZTG90dwrzsRdopiwhu6DC8,Star Chicken Center,star chicken center
mys,ChIJYR2fFWpwrzsR4N-dfaEeF10,ನೆಪ್ಚೂನ್ ಬಾರ್ ಮೈಸೂರು,nepcun bar maisuru
mys,ChIJ9cy8CV57rzsRVahWYOOpyEU,Swadam Kitchen,swadam kitchen
mys,ChIJlyYab356rzsRWcOetbl0tSA,Hotel Paradise,hotel paradise
mys,osm_3303963653,Mayura Rhino Canteen,mayura rhino canteen
mys,ChIJs8Ja3C5lrzsRySmsbcd_1Qc,ಗ್ರಾಮೀಣ ಪರಂಪರೆ,gramina parampare
mys,ChIJaQjlerBxrzsRpHM27LKF95U,Mr. Chef,mr. chef
mys,ChIJnzxo9KplrzsREh4xN8A2M8U,Sri Chamundeshwari Tiffanys,sri chamundeshwari tiffanys
mys,ChIJc5INQiFxrzsRr2CU1ZakMZk,Galleria Persian lounge,galleria persian lounge
mys,ChIJJ6xcaMtxrzsRMDHmuZFUrJU,LN Chicken Center,ln chicken center
mys,ChIJ91bHR0F7rzsRb1YwOtxYo_M,AMMA'S KITCHEN,amma's kitchen
mys,ChIJAcJ2cQB5rzsRo9svi0Q53x4,Hotel anand vihar,hotel anand vihar
mys,ChIJm1OKWABlrzsR49nUvIIqFPs,I mart,i mart
mys,ChIJ3RJ9YABxrzsRfzZBRUT0DHQ,Rajanna Chats,rajanna chats
mys,ChIJ-7yKINplrzsR00F1hxqRx8E,Chamundeshwari Gobi Center,chamundeshwari gobi center
mys,ChIJpYgRCAB7rzsRgMuDT8SoqjY,Pattanga,pattanga
mys,osm_8188054473,Keralapura Hotel,keralapura hotel
mys,ChIJb4KNHzZ7rzsRj400xvGlVgg,Raghu V,raghu v
mys,ChIJm7__e0t7rzsR4V6JbBoeOCg,Yasu Krupa,yasu krupa
mys,ChIJ8feh_pR7rzsRdeyHD_zcVBE,Ramanna Mess,ramanna mess
mys,ChIJ16LTBc1xrzsRLiaulsFC8pM,Shree Dev Panipuri,shree dev panipuri
mys,ChIJn5ni28hxrzsROJkY3K3Jg0M,Mashallah Hotel,mashallah hotel
mys,ChIJU0i3bphxrzsRHcgw_aBiSRc,ಓಂ ಶಕ್ತಿ ಹಾಟ್ ಚಿಪ್ಸ್,om sakti hat cips
mys,ChIJPbOeSlh7rzsR1FnmSG7OUaU,ಕಿಟ್ಟಿ ಪಾನಿ ಪುರಿ ಸೆಂಟರ್,kitti pani puri semtar
mys,ChIJkZvOSfVwrzsRYgKRa6McHMQ,ರುಚಿ ಟಿಫಿನ್ಸ್,ruci tiphins
mys,ChIJ7_HCyNFprzsRAbWRMynqk2M,ಕೋಸ್ಟಲ್ ಗ್ರ್ಯಾಂಡ್ ರೆಸ್ಟೋರೆಂಟ್,kostal gryamd restoremt
mys,ChIJ5-bPdQB7rzsRL0n1as-g6Ig,Chiranth Fast Foods,chiranth fast foods
mys,ChIJewzpdAB7rzsRrF6jz6nd384,T S Fast Food,t s fast food
mys,ChIJpU7SnlR7rzsRiObmqb6LUWI,Shri Vinayaka Chaat Center,shri vinayaka chaat center
mys,ChIJX_eW7VR5rzsRqBget6xmA0Y,ಶ್ರೀ ಲಕ್ಷ್ಮೀ ವೆಂಕಟೇಶ್ವರ ಹಿಂದೂ ಮಿಲ್ಟ್ರಿ ಹೋಟೆಲ್,sri laksmi vemkatesvara himdu miltri hotel
mys,ChIJ6bjrMAB7rzsRBUW1Y0yTAEU,Amma's Hotel,amma's hotel
mys,ChIJ4biVYH16rzsRlTS3BzIj1bc,ಚಕ್ರ ಹೌಸ್ - ಜೀವನ ಯೋಗ ಶಿಕ್ಷಕರ ತರಬೇತಿ ಕೇಂದ್ರ,cakra haus - jiೕvana yeuೕga siksakara tarabeೕti keೕmdra
mys,ChIJI_weOalxrzsRz0JA2ypi24I,B.B.H FAST FOOD GENTE,b.b.h fast food gente
mys,ChIJyShBX09wrzsRrtzyJyxMz1U,Sri Chamundeshwari Chicken Center,sri chamundeshwari chicken center
mys,ChIJp5v2IL9wrzsRTaUU3s1UnkU,ಚಕ್ರೇಶ್ವರಿ ಬಾರ್ & ರೆಸ್ಟೋರೆಂಟ್,cakresvari bar & restoremt
mys,ChIJffg44UVlrzsRC8Wob-RSjRQ,Ravi Chicken,ravi chicken
mys,ChIJS2VhuiF7rzsRWQUOR0trgbo,MAURYA VEG,maurya veg
mys,ChIJ_7-AqqR7rzsRmz54eogc-ug,ಬಸವೇಶ್ವರ ಮೆಸ್,basavesvara mes
mys,ChIJuYd467dxrzsRyaYDdHMlQFU,Thanushree Tiffanies,thanushree tiffanies
mys,ChIJtQx2fGFxrzsRmdcKc8Q6LME,BANGARPETEE BAITS,bangarpetee baits
mys,ChIJ06GV3YxxrzsRA5_BMQqT7_s,Spring,spring
mys,ChIJVeYjVjV7rzsR24hOdCPB-mw,Joe Food Court,joe food court
mys,osm_1254511630,Hotel Harigovindas,hotel harigovindas
mys,ChIJMWqavR17rzsRiOF69lIIg1M,ಎಸ್. ವಿ.ಆರ್. ಚಿಕನ್ ಶಾಪ್,es. vi.ar. cikan sap
mys,ChIJRa-astxxrzsR5NzEj6BPP-0,Amruth Dum Biryani Centre,amruth dum biryani centre
mys,ChIJTTvUNQB7rzsR-RSvG2OD3ms,Mr. Mashroom,mr. mashroom
mys,ChIJcXc7XdFxrzsRjAikL29GVGY,CHAMUNDI CAFE,chamundi cafe
mys,osm_8188051221,Annapurna Restaurant,annapurna restaurant
mys,ChIJNcYJTfFvrzsRrzk89yyQHS4,PORNA Chicken,porna chicken
mys,ChIJQRnRwWF9rzsR3E2f89c7RlA,B Com Biriyani Centre,b com biriyani centre
mys,ChIJLfdpGsh7rzsRqqpP0hXhiaw,Sri Ram Bake's,sri ram bake's
mys,ChIJ01dx5iR7rzsRXNfYODKLe-E,HOTEL MALNAD,hotel malnad
mys,ChIJx5-hJQBxrzsRVE6diSPo6ug,Ambari hotel,ambari hotel
mys,ChIJsSVUAwB7rzsR_DvoiCE5GfA,Santhrupthi Cafe,santhrupthi cafe
mys,ChIJJ3JvWUB6rzsRS4ueBur5GEQ,Chettai's Restaurant,chettai's restaurant
mys,ChIJozCz7i9xrzsRC0dmoB1W-7Q,Beereshwar Hotel,beereshwar hotel
mys,ChIJ_-AnyvB6rzsRu6WkA9w-S3s,ಶೆಲ್ ಪೆಟ್ರೋಲ್ ಪಂಪ್,sel petreuೕl pamp
mys,ChIJ013gLgBvrzsRYsFcBoHQH3k,Maleshwaram cafe,maleshwaram cafe
mys,ChIJD7QKgoRxrzsReVmrfc04Q7Q,JSS HOSPITAL CANTEEN,jss hospital canteen
mys,ChIJ97RAZ2l6rzsRYpg8Bfo99n4,VISHNU MESS,vishnu mess
mys,ChIJd7yAaD5wrzsRqZQkLvC7SC0,Orchid,orchid
mys,osm_1818603813,Olive Garden,olive garden
mys,ChIJkUiifwBxrzsRX1hQwkmLoV8,Paradise restaurant,paradise restaurant
mys,ChIJofIwTQBxrzsREl3HpRp6zl4,Smoked BBQ Taxi Devegowda Circle,smoked bbq taxi devegowda circle
mys,ChIJZbMhnPZxrzsRzXPF3Vw-usk,ಜಲ್ ಮಹಲ್ ರೆಸಾರ್ಟ್,jal mahal resart
mys,ChIJD-eZ96xxrzsRg_4uiuN58bY,ಎ1 ಹೋಟೆಲ್,e1 hotel
mys,ChIJLYI2PHFxrzsRDgEjPK68pys,ಡೆಲ್ಲಿ ದರ್ಬಾರ್ ಫ್ಯಾಮಿಲಿ ರೆಸ್ಟಾರೆಂಟ್,delli darbar phyamili restaremt
mys,osm_1153369413,Arun Darshan,arun darshan
mys,ChIJ78OieRhxrzsREBU40yBlo6A,American Sweet Corn,american sweet corn
mys,ChIJx1qFyEZlrzsR7Pplz3gZWRA,Hotel Nammane Thindi,hotel nammane thindi
mys,osm_8188056994,Shaktidhama Restaurant,shaktidhama restaurant
mys,osm_8188055634,Akshaya Pure Veg Restaurent,akshaya pure veg restaurent
mys,ChIJDfFvs9tlrzsRmebbIyYd3fo,Deepika Churmuri Corner,deepika churmuri corner
mys,ChIJkWJIlZVxrzsRb7fdZQIIj6M,BEERESHWARA CHATS,beereshwara chats
mys,ChIJmSonqP17rzsRm5nVqX3Px44,Storybook Cafe,storybook cafe
mys,ChIJkRZX4itwrzsRVLu-ehyIpHE,Halli Hatti,halli hatti
mys,ChIJnRv655ZxrzsRumaWCZUUa_8,MIT CAFE LOUNGE,mit cafe lounge
mys,ChIJYQo-paRvrzsR-YqlOB91Dck,Tharun,tharun
mys,ChIJW9OAtT95rzsR0hU5JOFqvcc,Mayamma CHICKEN'S,mayamma chicken's
mys,ChIJ60rKBN57rzsRKlFV26aNc50,Royal Taj Restaurant,royal taj restaurant
mys,ChIJz6HrDI56rzsRbY2HTb-Xv3k,Fluid Lounge,fluid lounge
mys,ChIJx1CpZQBvrzsRevcHdcxJmhQ,Mahadeva Fast food,mahadeva fast food
mys,ChIJ4RD0oT5xrzsR8y3_8IJ6Vus,Hamsa cafe family restaurant pure veg,hamsa cafe family restaurant pure veg
mys,osm_1798141689,Greens,greens
mys,ChIJ6RSWTchorzsRSLjyqEpbvbc,DEVI HOTEL VEG,devi hotel veg
mys,ChIJSw2GxHt7rzsRQ7UfptA0fYw,Shreyas Home Food,shreyas home food
mys,ChIJfYrkY0ZlrzsRdOaavQECMnE,SRIDURGA FAST FOOD,sridurga fast food
mys,ChIJv7lnDvp6rzsRa_GTcjg_1Wo,The Roost--ದಿ ರೂಸ್ಟ್,the roost--di rust
mys,ChIJ9XthHgBxrzsRQMixuTz6Rk4,SARATHI RESTAURANT HALLi MANE,sarathi restaurant halli mane
mys,ChIJzQIeiVtxrzsRkd6S628vIyU,Rahmaniya Fast Food,rahmaniya fast food
mys,ChIJSQtFvwRlrzsR-BphjiXS4Dc,Fish Bowl Restaurant,fish bowl restaurant
mys,ChIJyc_QpjtlrzsRVyZDPffPavQ,"Thatte Idli, Dose Center","thatte idli, dose center"
mys,ChIJAcwrl997rzsR4phBA-O5E-Y,Fish fry street food,fish fry street food
mys,ChIJy3PAjINwrzsRw_xmY-ceB6c,RAVIKUMAR CANTEEN,ravikumar canteen
mys,ChIJHTKjF-J7rzsRQRio57D0fck,ಮಧ್ವಸ್ ರೋಟಿ ಪಾಯಿಂಟ್,madhvas roti payimt
mys,ChIJy_B3LmlxrzsRwNkVCLYcyXw,NKK GOBI,nkk gobi
mys,ChIJQXoHFWBwrzsR7LnBjsBVRT0,BHARATHA CHICKEN CENTER,bharatha chicken center
mys,ChIJhY38PQV9rzsRIxyXDzl_Nyo,Ashirvaad Grand Pure Veg Restaurant,ashirvaad grand pure veg restaurant
mys,ChIJEVx-Q6h7rzsRPKsZQ8Y0szU,ಶ್ರೀ ಸಾಯಿ ಬಂಗಾರಪೇಟೆ ಪಾನಿಪುರಿ ಅಂಡ್ ಚಾಟ್ಸ್,sri sayi bamgarapete panipuri amd cats
mys,ChIJ4wTAotVxrzsRQe7zCSCLCbs,Momadiya Samosa Centre,momadiya samosa centre
mys,ChIJlT6kvmFlrzsRzLLn-sIUneY,SUGUNA Chicken,suguna chicken
mys,ChIJmamPURx6rzsRgxd6bfgCAd8,Renuka Gobi Corner,renuka gobi corner
mys,ChIJ1fm4fQBxrzsRGne6vk8Qa04,Shivalaya Veg - ಶಿವಾಲಯ ವೆಜ್,shivalaya veg - sivalaya vej
mys,ChIJKaPxOcB7rzsRISPQyDDnWmk,KR Chicken Centre,kr chicken centre
mys,ChIJ6SMlMaFxrzsRpEbthgQyei0,Bismillah Beef Stall,bismillah beef stall
mys,ChIJKxiYNkd7rzsRyj7628ev-PY,Chamundeshwari Chicken Center,chamundeshwari chicken center
mys,ChIJb_fubgBzrzsR-j0nBYtUG10,ಹಾರೋಹಳ್ಳಿ,harohalli
mys,ChIJwyB_dwBxrzsRgpC1QTj1dKA,Joofriez,joofriez
mys,ChIJjWjUeD5wrzsR2WRbHsikMYs,Manju's Kitchen,manju's kitchen
mys,ChIJo2FGAbVxrzsRFzDScKdVLdU,Chillz cafe,chillz cafe
mys,ChIJVfHF5kZ6rzsRouZmELK27RE,ಪಟೇಲ್ ಗಾರ್ಡನ್ ಧಬ,patel gardan dhaba
mys,ChIJ49KBTwB7rzsRZmNx0ep4gcE,Sadhvii Dosa & Idli Point,sadhvii dosa & idli point
mys,ChIJ__GYEdhxrzsR0EzT8AEeH4Y,Mahadeva Fast Food,mahadeva fast food
mys,ChIJjduAZgB7rzsRm1Iv36wxHrA,Original Bangarpet Chats,original bangarpet chats
mys,ChIJhz01cW1lrzsRW9qieIqngqk,SRI CHICKEN CORNER,sri chicken corner
mys,ChIJ7WK3tapxrzsR2t56feqgrNY,The Urban Deck,the urban deck
mys,ChIJIwojAntlrzsRLFUujpLffxA,Sri chamundeshwari Halli naty and chiken centre,sri chamundeshwari halli naty and chiken centre
mys,ChIJk8tlTgB7rzsRwFgff0kt9IQ,Shivu Chaats🪴,shivu chaats🪴
mys,ChIJD6rFS6lxrzsRq3Plp9gmU1o,ಶ್ರೀ ಮಹಾಲಕ್ಷ್ಮೀ ರೆಸ್ಟೋರೆಂಟ್,sri mahalaksmi restoremt
mys,ChIJ70QQOplxrzsRCmOb58nAFfI,Zam Zam Chicken Center,zam zam chicken center
mys,ChIJIU82gwZwrzsRohZQg5acHDs,ಪೂಜಾರಿಯವರ ಫಿಶ್ ಲ್ಯಾಂಡ್ (ಮಂಗಳೂರು ಶೈಲಿ),pujariyavara phis lyamd (mamgaluru saili)
mys,ChIJO2WRPT97rzsRB543lIvjFyA,Pragathi Chickens,pragathi chickens
mys,ChIJr5NqCE57rzsRkkEXEq9df2s,Nanjundeswara Bajji Centre,nanjundeswara bajji centre
mys,ChIJ35KvFWtvrzsRTLsKIUQAdXY,New Basava Cafe,new basava cafe
mys,ChIJVwT8WJJ6rzsRq-yuiD01XQg,ಫುಡ್ ಕ್ರಾಪ್ಟ್,phud krapt
mys,ChIJjVyeyw9vrzsRG2_gplXGdGE,Hotel Ever Green,hotel ever green
mys,osm_8188056001,Hotel Hayatt,hotel hayatt
mys,ChIJZ6J8rKBxrzsR9UWjrTJDd-M,Hotel Al Quba,hotel al quba
mys,ChIJueFW6Tl7rzsRB1H5PJNtNIo,Sonu Tea Stall,sonu tea stall
mys,ChIJEZc9GQB5rzsRKAiyDhSLv-A,Rashmi hindhu military Hotel,rashmi hindhu military hotel
mys,ChIJlQFah-p6rzsR1QW2UjZwwRA,99 EGGs; 99 ಎಗ್ಸ್,99 eggs; 99 egs
mys,ChIJFVyXwwRwrzsR2GprA2jBqf8,Sandhyas House (Veg Restaurant),sandhyas house (veg restaurant)
mys,ChIJtZpbPA58rzsR4G87ax7iMEc,M.S. CHICKEN CENTER,m.s. chicken center
mys,ChIJ-Y7Dk997rzsRm3veUWgDRZU,Mani Mess,mani mess
mys,osm_4327597392,Anima,anima
mys,ChIJv4kGLwBvrzsRmt7waOYalpw,Hari Govinda’s hotel,hari govinda’s hotel
mys,ChIJZUN9QBtwrzsRG5hXWeoNuTg,AVISHKAR TIFFANY'S,avishkar tiffany's
mys,ChIJF9l2NI5wrzsRrTRrDXbCTeo,ರೂಟ್ ರೆಸ್ಟೋರೆಂಟ್ ಮೈಸೂರು,rut restoremt maisuru
mys,ChIJfbNtQOplrzsRtqvyxBqXh6U,SHRI ANNAPOORNESHWARI HOTEL,shri annapoorneshwari hotel
mys,ChIJ60Hc8ql6rzsRIIp0kJKqEBo,Marata Mess,marata mess
mys,ChIJqQnm389xrzsR4BLQdPBjIAQ,ಶ್ರೀ ಚಾಮುಂಡೇಶ್ವರಿ ಫ್ಲೋರ್ ಮಿಲ್,sri camumdesvari phlor mil
mys,ChIJ4TexmMRxrzsRoIlLtaAcW8s,Dosa point,dosa point
mys,ChIJO93dWAB7rzsRWkQFh9BlYXY,Parisar Foods,parisar foods
mys,ChIJqdRjLgtlrzsR-Gzdzd1xun4,Spicy Corner,spicy corner
mys,ChIJ3-Mie9F6rzsRCln7muGxfA8,SRI CHAMUNDESHWARI ENTERPRISES,sri chamundeshwari enterprises
mys,ChIJoWThfGpzrzsR6kL6anoLOeA,ಚೆಥನ್ಕುಮಾರ್,cethankumar
mys,osm_8188058999,Hotel Laasya Green Park,hotel laasya green park
mys,ChIJEcwCU9N7rzsRo9ZL3EB_okM,Shri Annapoorna Hotel pure veg,shri annapoorna hotel pure veg
mys,ChIJrwTzmpRxrzsR3LKG2Zw-F4Q,HOTEL TIPPU TAJ FAMILY RESTAURANT,hotel tippu taj family restaurant
mys,ChIJTdyhafRxrzsR8Q3F6ejmW38,AL-LAZEEZ,al-lazeez
mys,ChIJke4NUwBlrzsRjXMSCSc2zmA,Rani Cafe,rani cafe
mys,ChIJTRLziJBvrzsRLj3bDXG55Ok,Sri Matha Fastfood,sri matha fastfood
mys,osm_554875774,Cabana,cabana
mys,ChIJuaSwk2FlrzsRKWulQgj821o,ಹೋಟೆಲ್ ಪೌರ್ಣಮಿ,hotel paurnami
mys,ChIJJ_mK66BxrzsRjXl33od6HJY,KSRTC CANTEEN,ksrtc canteen
mys,ChIJ4WztlAVxrzsR-8ATI9ycDxs,Appu,appu
mys,ChIJuf-HithxrzsRY0Mahd7Wnbg,Rahamath Ali Hotel,rahamath ali hotel
mys,ChIJqe49WlJwrzsRZnEU46H_1CI,Zam Zam Chicken,zam zam chicken
mys,ChIJbeG3wyl7rzsRpGJgRWBrdEU,Grill magic,grill magic
mys,ChIJj2zhXbdxrzsRyqo6eLM2Lfk,ROYAL CAKE & BAKE,royal cake & bake
mys,ChIJRx65OQB7rzsRJcrJChlp4d8,BBQ Mafia,bbq mafia
mys,ChIJp-lIGkZlrzsRPIWUUH0al5U,SRI VINAYAKA DOSA POINT,sri vinayaka dosa point
mys,ChIJJaWMYgB7rzsR-M6i0NuZFKQ,Hotel Amar Ambrish - A unit of Bruschetta Hospitality,hotel amar ambrish - a unit of bruschetta hospitality
mys,ChIJkeCF0nZwrzsR0BQU_qH9i7E,Mughal Darbar,mughal darbar
mys,ChIJNaukNqVxrzsRh2iKjqcQXMo,ರಹಮಾನ್ ಹೋಟೆಲ್,rahaman hotel
mys,ChIJedCYXvl7rzsRck8vJvG6r9o,Brindavana garden,brindavana garden
mys,ChIJY7FXz3NwrzsRwTU98WeJduI,Biryani Paradise,biryani paradise
mys,ChIJvz5ARc17rzsRjju_r2KNtHI,Castle Rock,castle rock
mys,ChIJ-UE7NQBxrzsRtOrujuHFNqo,Siri mane,siri mane
mys,ChIJxbVscABrrzsRCzQAEU607-U,Balaji masala Puri centre,balaji masala puri centre
mys,ChIJrTjs5wBxrzsRR2FI-HSLtx4,Nisarga Fish Land,nisarga fish land
mys,ChIJd0YT73RwrzsRcegMxt3K2To,Adyar Ananda Bhavan - A2B,adyar ananda bhavan - a2b
mys,osm_4813005279,M2M Foods,m2m foods
mys,ChIJ2-l0NH1xrzsRLZJz3VQJSuM,Zam Zam Fast Food,zam zam fast food
mys,ChIJAYXsnzt7rzsRRY5CaShwftU,ಹೂಟಗಲ್ಲಿ ಚಾಟ್ ಸ್ಟ್ರೀಟ್,hutagalli cat strit
mys,ChIJB6JOLwBlrzsRZQVyeB1CYkQ,Coco loco,coco loco
mys,ChIJ-0GZHGRlrzsRwIW-Sim7Sq8,SRI PADMA DHANVANTRI,sri padma dhanvantri
mys,ChIJTSNC13R7rzsRpFWsZIyu5Rg,Sri Ganesh Upahar,sri ganesh upahar
mys,ChIJvzSasNlxrzsRdbEXJPzVloc,Sri Vinayka Darshni,sri vinayka darshni
mys,ChIJ_dyKzKp7rzsRlGvRbPMVKu8,Saviruchi Thindi Mane | ಸವಿರುಚಿ ತಿಂಡಿಮನೆ,saviruchi thindi mane | saviruci timdimane
mys,ChIJW-FjvwBwrzsRKJijHt8D2Js,Ballal Churmuri Shop,ballal churmuri shop
mys,ChIJp_6jtjxxrzsRn4Y6awNVyj4,ಇಟಾಲಿಯನ್ ಕ್ರಂಚ್,italiyan kramc
mys,ChIJRcaWKwB7rzsRqU69-S9OIS4,Chubbu’s Kitchen,chubbu’s kitchen
mys,ChIJm9_BlnF9rzsRf7X6urHxy1Q,Kamala Family Restaurant and Dabha,kamala family restaurant and dabha
mys,ChIJKXVMQxB7rzsRRaqWJpK4uAA,Tattva Rasa Park View Restaurant,tattva rasa park view restaurant
mys,ChIJfRezzzB5rzsREeZ6SxGCB9w,Patel corner,patel corner
mys,ChIJUfnGI6l6rzsR_-9faBjilDc,Ruchi Chicken,ruchi chicken
mys,ChIJXRN322ZvrzsRXQKPfajFX7I,PUNITH R,punith r
mys,ChIJaaD-klANrzsRHAsRU4jKiIk,Charcoal RestoPub,charcoal restopub
mys,ChIJZX-WR0RwrzsRQqrMWhkxFm4,Roopa Chicken Centre,roopa chicken centre
mys,ChIJ0bKMDQBtrzsRbEBMcwzZF_Y,Hotel Yathin,hotel yathin
mys,ChIJ-_TGZAB7rzsRv4XN1QL6LM8,ಅಪ್ಪು ಕಬಾಬ್ ಅಡ್ಡ ( appu kabab adda),appu kabab adda ( appu kabab adda)
mys,ChIJzXl4AyZxrzsRLf4l285bozA,Sri Guru Tiffins,sri guru tiffins
mys,ChIJISAGBRZ5rzsR71qXy2uvqD4,ಹೋಟೆಲ್ ರೇಣುಕ,hotel renuka
mys,ChIJUwrOMABxrzsRonUWdtoVJfk,DGS Dine Restaurant,dgs dine restaurant
mys,ChIJTRMLVQ57rzsRXFlrJuQFe-k,Toast Multicuisine Restaurant,toast multicuisine restaurant
mys,ChIJ-UPCsKl6rzsRymB03NBpEQM,Shree Khanavali,shree khanavali
mys,ChIJ8_k2oZd7rzsR-3wIoS8CeIY,Fresh Catch Seafood restaurant,fresh catch seafood restaurant
mys,ChIJ4Y7SpkJ7rzsRTy3-UdTXokk,Kottureshwara Uttara Karnataka Khanavali,kottureshwara uttara karnataka khanavali
mys,ChIJG0BGzuFvrzsR5CaoTJ-F7wc,Shree Chamundeshwari Fast Food Corner,shree chamundeshwari fast food corner
mys,ChIJZTNNZuNxrzsRtWVksKgse_Q,New A K FAST FOOD,new a k fast food
mys,ChIJldkRBU97rzsRNoIS1SLFu2g,Amruth gobi chats fast food,amruth gobi chats fast food
mys,ChIJ1fzvG7F6rzsRVUuskSdIon4,Dosa Point,dosa point
mys,ChIJ7ZS9IM1przsRtmQfl4HD_2s,Renukambha Hotel,renukambha hotel
mys,ChIJoWfQrWd7rzsR92ev5MfDw24,Thali Restaurant,thali restaurant
mys,ChIJDYSJnQxxrzsRpc4ryzYLHNE,KARNATAKA CHICKEN & MUTTON STALL,karnataka chicken & mutton stall
mys,ChIJFbuhUPN7rzsRcsT3nVE76fs,Bhagya,bhagya
mys,ChIJz1oSQ5N3rzsRWuUc56MZOb4,La Bistro,la bistro
mys,ChIJJzkxNB1vrzsRqATe78GzLHU,Unik Vibes Multicusine Restaurant,unik vibes multicusine restaurant
mys,ChIJe4ehXIB7rzsRkKTS8qydTqw,BAGALKOT SPECIAL FOODS,bagalkot special foods
mys,ChIJ1yOlMv57rzsRPkrF8PXYLlA,ಶ್ರೀ ಕಲ್ಲೇಶ್ವರ ಮೆಸ್,sri kallesvara mes
mys,ChIJBUVLEQBxrzsRVdpxtC5Ttf8,KK's Kitchen,kk's kitchen
mys,ChIJeTcDxSl7rzsRiXu-0b1nuYI,Mamatha Pastfood,mamatha pastfood
mys,ChIJhVWdewB1rzsRV2OWkQeBCwk,Kumar fish fry kabab center,kumar fish fry kabab center
mys,osm_3914924533,Ramya Hotel,ramya hotel
mys,ChIJeSNuHz97rzsR-fbTH-2Xnp4,Sri Brahmalingeshwara Fast Food,sri brahmalingeshwara fast food
mys,ChIJs9O3E35wrzsRXxh8KMsHC9w,Indira Canteen,indira canteen
mys,ChIJAeLD80NxrzsRoUWO9D7Re5Q,Mummas Kitchen,mummas kitchen
mys,ChIJLxjf-_JxrzsRoUPL7o1vSec,"Chat Centre, Lalith Mahal Road","chat centre, lalith mahal road"
mys,ChIJP0MqQDpurzsRAAAAMIDWsCw,ಕುಮಾರ್,kumar
mys,ChIJRYoHeVdwrzsR76AtHuBpBdM,Khwaja's Hot Buns,khwaja's hot buns
mys,ChIJz4Any9JvrzsRuq7XADZoY6E,Magical Occasions,magical occasions
mys,ChIJe8rRgxZxrzsR2WC4UcGlChA,Natural Chicken,natural chicken
mys,ChIJA28Tw9t6rzsR5KkZXRH3Ons,365 Family Restaurant - NonVeg / Veg,365 family restaurant - nonveg / veg
mys,ChIJn1ouamZxrzsRPitxWC7XqLc,Waseem Fast Food,waseem fast food
mys,ChIJ9cV1CwB7rzsRMtyY55jx0dg,Five star chicken,five star chicken
mys,ChIJv8U3KXZ7rzsRlmA-9Aa178c,Chamundeshwari Food Point - CFP,chamundeshwari food point - cfp
mys,ChIJvYkbNHh6rzsRcMqdwF_FhJ4,Bismillah Mutton & Chicken Stal,bismillah mutton & chicken stal
mys,ChIJnbQNwXBxrzsR2gIIkhZmKVo,Hotel Greens,hotel greens
mys,ChIJ_QUWCFZwrzsRB3Ed7NwQ1ig,Megha Dharshin,megha dharshin
mys,ChIJTSecsvx7rzsRPt6jeXR6wQA,Spirit Junction,spirit junction
mys,ChIJtfRky-5xrzsR9SmbtilH3lE,FIVE STAR CHICKEN NR MOHALLA,five star chicken nr mohalla
mys,ChIJjXc5eZNvrzsREjoqmW5CJ8w,ತಾಜ್ ಎಂಟರ್ಪ್ರೈಸಸ್,taj emtarpraisas
mys,ChIJwfvpPWNxrzsR08lQgP62E9A,SHOBHITH CHATS CENTER,shobhith chats center
mys,ChIJc7XWWVpwrzsROgUiteerTwI,MADEENA HOTEL,madeena hotel
mys,ChIJd5ot1odvrzsR2DKJpz6-63w,DWARAKA TIFFANY'S,dwaraka tiffany's
mys,ChIJMf6QBAB7rzsR3qK4TN92J8M,Annapurneshwari dosa point,annapurneshwari dosa point
mys,ChIJ7VN-WsVxrzsR_78-yK0Vi5M,Durgha Prameshwari Hotel,durgha prameshwari hotel
mys,ChIJUXjGWwB7rzsRtlMBNJxmM5w,Amma's kitchen (university,amma's kitchen (university
mys,ChIJM8Qyn3llrzsRuFVdScUWW7Q,PORNA Chicken,porna chicken
mys,ChIJcdhubQB7rzsRKvbQ0u67DZA,SA.GE,sa.ge
mys,ChIJI-KPpNJxrzsRsyLjBrDpU0Y,Shree Annapurneshwari Fast Food,shree annapurneshwari fast food
mys,ChIJz92qdUV6rzsRGFTcwDW_0H8,Mirchi Andhra style,mirchi andhra style
mys,ChIJXw8ml9R6rzsRPMZW-UtOks8,RAVI CHICKEN CENTER,ravi chicken center
mys,ChIJPbyVMgBvrzsRnEujItpGicw,Epic Momos on Jeep,epic momos on jeep
mys,ChIJrZBE2YpwrzsRbew5HNCEa_Q,A1 FAST FOOD,a1 fast food
mys,ChIJ-xWyXQlxrzsRTPVJOd8Q1lI,RD cafe,rd cafe
mys,ChIJXaifnMd7rzsRzgiRn-LIZ50,PSR chicken mart,psr chicken mart
mys,osm_1798923401,Little Woods,little woods
mys,ChIJCa-9CJxvrzsRaiJAIF1bbXQ,Potato Tornado,potato tornado
mys,ChIJc5gY7TpvrzsRrzB_T7himJM,Kushka Factory,kushka factory
mys,ChIJy68g0r1lrzsRPEx6wccRIE0,Maya town,maya town
mys,ChIJMRnXCG56rzsRV9d0Bs0JqXA,Royal Inn Veg & Non Vegetarian Restaurant,royal inn veg & non vegetarian restaurant
mys,ChIJvbjMbKZ7rzsRhiO3P1ZNvOI,Maruthi Chicken,maruthi chicken
mys,ChIJhVUbKy9xrzsRaP2phadjK50,Sri Male Mahadeshwara Tiffanies,sri male mahadeshwara tiffanies
mys,osm_358753770,Nalapak,nalapak
mys,ChIJTxXGtmtxrzsRqauodqSRGXM,Sri Bramarambha Bajji Stall,sri bramarambha bajji stall
mys,ChIJVf0uXAB7rzsRZ1FzG27linI,Library dosa corner,library dosa corner
mys,ChIJA4PDcABlrzsR-vz_WKRG9qw,Mr. Mushroom,mr. mushroom
mys,ChIJEbTmDwB7rzsRQdaU1e-BEWk,Shivee the dream cafe,shivee the dream cafe
mys,ChIJR5ICfgBxrzsRkmqF4VD6WiQ,Candidate mess (TRIPUTI),candidate mess (triputi)
mys,ChIJCXzQ2L5wrzsRbn1w1FkhUhA,New roti Land family restaurant and dhabaa,new roti land family restaurant and dhabaa
mys,osm_1654527186,Pizza Hut,pizza hut
mys,ChIJszrbpNp5rzsRGUeAKQYsfmw,Samruddhi Restaurant,samruddhi restaurant
mys,ChIJrThuXLRlrzsRcN4GlgLrX9c,Day 2 Day veg and nonveg restaurant,day 2 day veg and nonveg restaurant
mys,ChIJRV0EJ_NxrzsRrXO6b3F-oAI,Kings Q Sports Bar,kings q sports bar
mys,ChIJOSINOgBlrzsRRDYWEt9rwPQ,Ys CAUVERY juices and chats,ys cauvery juices and chats
mys,ChIJY57fw7N6rzsRD3rBggscfaM,ಕೆಫೆ ಬಿರಿಯಾನಿ ಕಾರ್ನರ್,kephe biriyani karnar
mys,ChIJo8Di1PZ7rzsRzm_1PVEXi44,CHICKEN HOUSE,chicken house
mys,ChIJ_578pv5trzsRe-yvR9ci3N8,PORNA Chicken,porna chicken
mys,ChIJUUuk-1JwrzsRXnmD_w_hksM,HILLTOP BAR & RESTAURANT,hilltop bar & restaurant
mys,ChIJxSUXyXN7rzsRQsQ0pM4Fqfw,Brewstag Cafe & Coworking,brewstag cafe & coworking
mys,ChIJg3yBL7J5rzsRsl0xW66DEz0,Sir Ranganatha bar & restaurant,sir ranganatha bar & restaurant
mys,ChIJG6T70hp7rzsR5tCFKA3rtus,Sainik Multi Cuisine Family Restaurant,sainik multi cuisine family restaurant
mys,ChIJ4y15m2B6rzsRauFhJqqYpr8,ಪರ್ಪಲ್ ಹೇಜ್ ಮೈಸೂರು,parpal heೕj meೖsuru
mys,ChIJid7ZYwBxrzsRXwf0w6065fE,Roll On Coal,roll on coal
mys,ChIJmz-SJctxrzsRPmgLy9HmFpk,Mama Noara Charcoal Shawarma,mama noara charcoal shawarma
mys,ChIJVdLZSQB7rzsRqY1hAGQr6sI,Bharani's Kitchen,bharani's kitchen
mys,osm_3277984105,Madwadi Gujrathi,madwadi gujrathi
mys,ChIJx6gatZ57rzsR_wrlwAI0QpI,Bashaveshwara Kanavale,bashaveshwara kanavale
mys,ChIJOcLbUaZ7rzsRfA87xX9qwpQ,SUGUNA Chicken,suguna chicken
mys,ChIJtRtS8fVlrzsRtNz7LhTfUz8,Gobi corner,gobi corner
mys,osm_8188055595,Balaji Restaurant,balaji restaurant
mys,ChIJrbxBKgBxrzsRZ2ED1ZRkins,Hotel timmappa,hotel timmappa
mys,ChIJfYpDuHJxrzsRZlu5mxi8mC0,Rustic Nature Fast Food Restaurant,rustic nature fast food restaurant
mys,ChIJCWecVb97rzsRFt5DnCjtZFs,Mangalore gobi center,mangalore gobi center
mys,ChIJj1pIKiZxrzsRj-uaj9_jh-Y,Taj Darbar Barbeque House,taj darbar barbeque house
mys,ChIJ2xbWU8F6rzsR75SgRahFbds,ಹೋಟೆಲ್ ಅಂಕಲ್ ಲೋಬೋಸ್ - ಸುಗ್ಗಿ ಮನೆ,hotel amkal lobos - suggi mane
mys,ChIJlxHLQSF7rzsRGiSXpZQQ0BY,Mayo town,mayo town
mys,ChIJcVHzMtp3rzsRUv-QKaGj8Es,Shraya Fast Food,shraya fast food
mys,ChIJQxJlRhdxrzsROBEmF_bRZWI,ISMAILY HOTEL RAZIK M F,ismaily hotel razik m f
mys,ChIJS6ecO-ZxrzsRxW_NJJ8v6ew,Maruthi Chicken Center,maruthi chicken center
mys,ChIJdeINJeRtrzsRtUi_I_rr2OE,Jai Bhuvaneshwari Military Hotel,jai bhuvaneshwari military hotel
mys,ChIJIao4qONxrzsRRBny3xNR33I,VINAYAKA TIFFANY'S,vinayaka tiffany's
mys,ChIJbQZ_P8d_rzsRfNyJGlK1If4,Halli Ruchi family restaurant,halli ruchi family restaurant
mys,ChIJNWuFj2twrzsRG-OGlac7FuU,ಹೋಟೆಲ್ ಪ್ರೀತಿ ಇಂಟರ್ನ್ಯಾಷನಲ್,hotel priti imtarnyasanal
mys,ChIJxeC0rJ1vrzsRSAz6yp4Oq1E,S M P Canteen,s m p canteen
mys,ChIJi9WK4GVwrzsRZK_MQKkKQXU,Chicken Kabab Centre,chicken kabab centre
mys,ChIJVw_94Ph6rzsR-c-zIFIKzLE,ಹೋಟೆಲ್ ಶಿವ ದರ್ಶಿನಿ,hotel siva darsini
mys,ChIJm6SjNSpwrzsRXsY4CkMBrNs,ಹಿಲ್ ಡೌನ್ ಕೆಫೆ,hil daun kephe
mys,ChIJBy1rEJJwrzsRg4fFxvUE884,ಎತಿಹಾಡ್ ಅರೇಬಿಯನ್ ರೆಸ್ಟೋರೆಂಟ್,etihad areೕbiyan resteuೕremt
mys,ChIJlVkKO9RvrzsRnfsyKW3sP_A,ನೈದಿಲೆ ವೆಜಿಟೇರಿಯನ್ ರೆಸ್ಟೋರೆಂಟ್ ( ಎಂಟಿಸಿ ಕ್ಯಾಂಟೀನ್),naidile vejiteriyan restoremt ( emtisi kyamtin)
mys,osm_2078449846,Hotel Annapoorna,hotel annapoorna
mys,ChIJ2_3cNwBlrzsRcfdl1KAvMns,Keshav foods,keshav foods
mys,ChIJVSWLjXlxrzsRVU3Vxqlpg4c,Famous Taza Putt Corner,famous taza putt corner
mys,ChIJrZbu4ApwrzsR4MD01y029Vw,Tiger Trail,tiger trail
mys,ChIJH38oJwB7rzsRfBDVLRaFIOk,11AM TO 11PM DHABA AND FAMILY RESTAURANTS,11am to 11pm dhaba and family restaurants
mys,ChIJ66vdGgB7rzsRyuSTnvpQibk,11AM 11PM VEG CORNER AND RESTAURANTS,11am 11pm veg corner and restaurants
mys,ChIJ1zsuZQBxrzsR7DWCiuJFg8A,Mohammedia Hotel & Fast Food,mohammedia hotel & fast food
mys,osm_11073693559,Annapoorna,annapoorna
mys,ChIJCaBYbSp7rzsRLoLGnNS8WXo,PARNIKA CHICKEN,parnika chicken
mys,ChIJObNtbLN6rzsRmClfrg8sdVU,Nisarga Organics ನಿಸರ್ಗ ಸಾವಯವ & ನೈಸರ್ಗಿಕ,nisarga organics nisarga savayava & neೖsargika
mys,ChIJ1bxOfQlvrzsRqmEFbKmGZLU,Food And Restaurant,food and restaurant
mys,ChIJ2b_Ad_ZlrzsRq-bi4sPQ_9k,KINGDOM RESTAURANT,kingdom restaurant
mys,ChIJxWpQmtZvrzsRWfAR-KxfBdQ,SHREE CHAMUNDESHWARI MESS,shree chamundeshwari mess
mys,ChIJZR8IDwBxrzsR0ecM07ApLtE,Dwarka Thirtha Pure Veg Restaurant,dwarka thirtha pure veg restaurant
mys,osm_8188054660,Annapoorneshwari Vegetarian Hotel,annapoorneshwari vegetarian hotel
mys,ChIJ8wKZq5VvrzsRtvP4LhebLZ4,PARAVIS HOTEL,paravis hotel
mys,ChIJp_hgRMpwrzsRJWCp6kHb44g,Poojari's Fish Land,poojari's fish land
mys,ChIJcZoomB57rzsRFJvB7FuhYBM,Rishalika Restaurant (Veg N Nonveg),rishalika restaurant (veg n nonveg)
mys,ChIJz085zPx7rzsR_6u4mK98LlA,Shravya’s cafe,shravya’s cafe
mys,ChIJ6ccf8wdzrzsRDz8WLeHfcDw,Vivaan Family Garden Restaurant,vivaan family garden restaurant
mys,ChIJg8eumdl7rzsR0I-at6ws1i0,Tirumala chats center,tirumala chats center
mys,ChIJMXz87oJxrzsRNekGs26Y7fI,Sri Mahadeswara Hotel - ಶ್ರೀಮಹದೇಶ್ವರಹೋಟೆಲ್,sri mahadeswara hotel - srimahadesvarahotel
mys,ChIJuf2IprJxrzsRk7x_7pqJ7lk,KUBER CHICKEN,kuber chicken
mys,ChIJgxk7dGl6rzsR0P2MFBUAB4s,ಚೆಟ್ಟಿನಾಡ್ ಪರೋಟ ಪ್ಲಾಜಾ,cettinad parota plaja
mys,ChIJiyKbQg58rzsRJBJenVGMZtY,ಪೂಜಾ,puja
mys,ChIJJ-jptaR7rzsRPH_tVDZG4jY,ನಾಟಿ ಮನೆ ರೆಸ್ಟೋರೆಂಟ್,nati mane restoremt
mys,ChIJN_Gzh-96rzsRJwjAjc6chI0,Kashi Chats and Sweets ಕಾಶಿ ಚಾಟ್ಸ್ & ಸ್ವೀಟ್ಸ್,kashi chats and sweets kasi cats & svits
mys,ChIJyXs_dht5rzsRDYpYO8I-AgE,BEERESHWARA TIFFENS & COOL PARLOUR,beereshwara tiffens & cool parlour
mys,ChIJz1eLBoN7rzsRb6EEFqG-UWU,PURNIMA SSBA,purnima ssba
mys,ChIJb4bFw2R7rzsRlu3Ywo8Vyac,Indian Spicy,indian spicy
mys,ChIJYeUQG515rzsRDv5E0efGVGw,ಹೋಟೆಲ್ ಪ್ಲಾನೆಟ್ ಗ್ರೀನ್,hotel planet grin
mys,osm_1575086660,Jambalaya,jambalaya
mys,ChIJY1-jzNdxrzsR6m8KjXTqGIM,TAUSIF CATERERS,tausif caterers
mys,ChIJmwNNLwBvrzsRLmGgUltP_Pw,Avathar' bbq,avathar' bbq
mys,ChIJIRwRTRp5rzsR9fw7Nuxs_Ts,ANKANTESHAWARA PRASSANA,ankanteshawara prassana
mys,ChIJGTtv6uZxrzsRrH5Ody14fdw,New Cafe Grand Restaurant,new cafe grand restaurant
mys,osm_3198589486,Greenleaf,greenleaf
mys,ChIJa2ovRgB7rzsRzkhFsGXRO4c,Sri Venkateshwara Tiffany's,sri venkateshwara tiffany's
mys,ChIJkzhzUetlrzsReISlPOIU2aw,Food Meals,food meals
mys,ChIJM63ibAB7rzsRktc5ipb6UmE,AV cafe ( kolhapuri vada pav),av cafe ( kolhapuri vada pav)
mys,ChIJv6PzRQBxrzsRCHYXmQs9pN4,"Hotel shivamrutha, pure veg","hotel shivamrutha, pure veg"
mys,ChIJCdGFs3VxrzsRXq82OQsBKe4,TULASI RESTAURANT,tulasi restaurant
mys,ChIJc9tpm3ZxrzsR4ht9pFXRHmA,Raju Hotel,raju hotel
mys,ChIJo587Wup6rzsRogz0wgGRU18,Yashaswini Milk Parlour (YAMPA),yashaswini milk parlour (yampa)
mys,ChIJJ9bxJAB7rzsRnqtsPQNYqnI,Ideal chicken,ideal chicken
mys,ChIJ0QWeCc5xrzsRfxPDVOrtrn4,Biriyani Cafe,biriyani cafe
mys,ChIJcdj_VIBvrzsRMwVNanqNZ6g,RAVICHANDRAN C,ravichandran c
mys,osm_8188053215,Kaveri Restaurant,kaveri restaurant
mys,ChIJmXL5VjlxrzsR8dj-1LsjNm0,Gayathri Tea & Juice Corner,gayathri tea & juice corner
mys,ChIJmUFW4A57rzsRM6kJZHRVPwA,New dosa point,new dosa point
mys,ChIJleZzeVBwrzsR4rq74hi9oiI,BISMILLAH FOOD CENTRE,bismillah food centre
mys,ChIJXXr1vCJ7rzsRGGKgaeEDZNE,Shri Mahadeshwara Fast Food,shri mahadeshwara fast food
mys,ChIJWzBvS2llrzsRox6o-9xS5mQ,Ayyappa Tiffin Corner,ayyappa tiffin corner
mys,ChIJhwKF-B57rzsR8XfEjQDog-s,Halli mane family restaurant,halli mane family restaurant
mys,osm_1638073734,Parklane Hotel,parklane hotel
mys,ChIJj0qnDLxlrzsRLQ47Ba0ag5U,Ice Palace,ice palace
mys,ChIJAZ6j0DFlrzsRyXv1Etck7ss,ನಳಪಾಕ್ ರೆಸ್ಟೋರೆಂಟ್,nalapak restoremt
mys,ChIJsUaa8INwrzsRAAAAMLn3KFU,Sunil Hotel,sunil hotel
mys,ChIJAfiOsWBlrzsRfZIJcqNCepo,Chicken Biriyani Tippu Hotel,chicken biriyani tippu hotel
mys,ChIJo3VQN8NxrzsRL5SrFV7a4Gg,ಕಿರಣ್,kiran
mys,ChIJsdykivtvrzsR-PrUJCOczrY,ಮಧು ಟಿಫಾನಿಸ್ -MADHU TIFFANIS,madhu tiphanis -madhu tiffanis
mys,ChIJeUWIXgBxrzsR8VhkWBWqo7Y,Pizza treat,pizza treat
mys,ChIJX3_QcZ5xrzsRCx9D4bXYOd4,YesBaik,yesbaik
mys,ChIJ-0vtJX9wrzsRBDl1dJ5ss30,Jolad Rotti Lunch Mess,jolad rotti lunch mess
mys,ChIJUyS12BpvrzsR3QMkylviYhk,GOLDEN NEST CHICKEN,golden nest chicken
mys,ChIJ7UjHruhvrzsRLu-DCgVV0sA,Aramana family restaurant,aramana family restaurant
mys,ChIJZWD9cQZxrzsROJwolf9S0C0,Sutra Bistro - Siddhartha Layout(Shakti Nagar),sutra bistro - siddhartha layout(shakti nagar)
mys,ChIJi3tjyZR7rzsR-s9bBJwIJyE,Shree Male Mahadeshwar Chats,shree male mahadeshwar chats
mys,ChIJscplDABlrzsRrCwzyFfzWAU,Manushith Gobi Center,manushith gobi center
mys,ChIJO7WJo617rzsRSNS6mDLmBLA,New Dose Corner,new dose corner
mys,ChIJQRk7cwBvrzsRP0k9rTl1QYM,SRI MANJUNATHA CHAT CENTRE,sri manjunatha chat centre
mys,ChIJEzEyqsxxrzsRnAt4mwG_dPk,Hotel Green Star,hotel green star
mys,ChIJnesnWK57rzsR96Sh3w_eimY,Kushi Chicken Centre,kushi chicken centre
mys,ChIJP6ffM2pvrzsRUaCcAAHb-dw,Male Mahadeshwara chats and Gobi center,male mahadeshwara chats and gobi center
mys,ChIJJZtVPRh7rzsRNzhs2TM0gFo,PIZZA KING,pizza king
mys,ChIJdRt6IABvrzsR_h_fJSFtZmk,NEW TULASI RESTAURANT,new tulasi restaurant
mys,ChIJhYMu1j97rzsRp9JPM_DYetg,ADVIK CHICKEN CENTRE,advik chicken centre
mys,ChIJO2uWEhZ5rzsRcPg1CFQatsI,ಹೆರಿಟೇಜ್ ಶೆಲ್ಟರ್ಸ್ ರೆಸಾರ್ಟ್,heritej seltars resart
mys,ChIJo-a2wGVlrzsRa4B2TzWq-VU,ROLLS MASTERS,rolls masters
mys,ChIJbXqQLA97rzsRP00tva54XVA,Canteen,canteen
mys,osm_2919065477,Bell Platter,bell platter
mys,ChIJyYnQnMl6rzsRyjLS6jQLp98,Tandoori Mane,tandoori mane
mys,osm_1798095632,Taste Buds,taste buds
mys,ChIJiVegh-5lrzsRettbOTVfEJY,Chamundeshwari Egg corner,chamundeshwari egg corner
mys,ChIJgyFNmgF7rzsRVjQHN6ef-74,Aroha Veg Restaurant,aroha veg restaurant
mys,ChIJLeCuUPpxrzsR5qKc-qm1AMg,Sankara Restorent,sankara restorent
mys,ChIJPzc57JhvrzsRN8ca0BwjHOw,Raj's Kitchen,raj's kitchen
mys,ChIJnfHfk9pjrzsR5NTWxCqgB0o,KISHOR GOBI CENTER,kishor gobi center
mys,ChIJSTa75FRxrzsRikElI9Ze-i4,AS TEA STALL,as tea stall
mys,ChIJraWCdXRvrzsRAAAAsM5TmyA,SWATHI KRISH,swathi krish
